'',0,,
--,0,,
---,0,,
!,0,surprise,
!',0,,
! !,0,surprise,
!!,0,,
!!!,0,,
"!!!""",0,,
!!!...,0,,
"!!""",0,,
!!..,0,,
!!...,0,,
!!:,0,,
"!""",0,,
!.,0,,
!..,0,,
!...,0,,
!:,0,,
!?,0,,
!?!,0,,
"""",0,,
$$,0,,
$$$,0,,
&&,0,,
&HEARTS,2,joy,
((,0,,
(),0,,
(@,0,,
({}),0,,
-),0,,
)),0,,
))),0,,
)RT,0,,
-*,0,,
**,0,,
*-*,0,,
***,0,,
*_*,0,,
*HUGS*,1,,
*MJB,1,,
*O*,1,,
*RT,1,,
*SIGH*,-1,,
.,0,,
.',0,,
. .,0,,
.!,0,,
.!!,0,,
.!!!,0,,
..,0,,
..!,0,,
..!!,0,,
..!!!,0,,
"..""",0,,
...,0,,
...!,0,,
...!!,0,,
...!!!,0,,
"...""",0,,
...:,0,,
...?,0,,
..:,0,,
..?,0,,
..??,0,,
.:,0,,
.?,0,,
//,0,,
:,0,,
":""",1,,
:'(,-1,,
:-(,-2,,
:((,-1,,
:(((,-1,,
:),2,,
:'),1,,
:-),2,,
:)),2,,
:))),2,,
:-/,-1,,
::,1,,
:\,0,,
:],1,joy,
:D,1,joy,
:'D,1,joy,
:-D,2,joy,
:DD,2,joy,
:DDD,2,joy,
:-P,1,joy,
;(,-1,sadness,
;-),2,joy,
;)),2,joy,
;/,-1,sadness,
;;,1,,
;D,1,joy,
;O,0,surprise,
;P,1,anticipation,
;S,0,,
?,0,,
?',1,,
? ?,0,,
?!,1,,
?!!!,0,,
?!?!,0,,
"?""",1,,
?.,1,,
?..,1,,
?...,1,,
?:,1,,
??,1,,
??!,0,,
??!!,0,,
???,0,,
\M/,2,trust,
\O/,1,trust,
^^,2,,
|VIA,2,,
<<,2,,
<<<,2,,
=(,-1,sadness,
=),2,joy,
=)),1,joy,
=))),1,joy,
=/,-1,sadness,
=],1,joy,
==,0,,
->,1,,
>_<,-1,anger,
><,0,,
>>,2,,
10AM,0,,
10TH,0,,
11TH,0,,
12TH,0,,
14TH,0,,
15TH,0,,
16TH,0,,
17TH,0,,
19TH,0,,
1ST,0,,
20TH,0,,
21ST,0,,
25TH,0,,
2AM,0,,
2DAY,0,,
2MORO,0,,
2MORROW,0,,
2ND,0,,
2ND AMENDMENT,-1,disgust,
2NIGHT,0,,
2NITE,0,,
2PM,0,,
3AM,0,,
3RD,0,,
4AM,0,,
4TH,0,,
5AM,0,,
5PM,0,,
5TH,0,,
6AM,0,,
6PM,0,,
6TH,0,,
7AM,0,,
7PM,0,,
7TH,0,,
8AM,0,,
8PM,0,,
8TH,0,,
9AM,0,,
9PM,0,,
9TH,0,,
A.M.,0,,
AAA,-1,anger,
AAAH,0,,
AAAHH,0,,
AAAHHH,0,,
AAAI,0,,
AAAW,1,,
AAH,0,,
AAHH,0,,
AAHHH,0,,
AARON,1,,
ABANDONS,-2,disgust,
ABANG,0,,
ABC,0,,
ABDUCTED,-2,fear,
ABDUCTIONS,-2,fear,
ABG,1,,
ABHORRED,-3,disgust,
ABHORS,-3,disgust,
ABI,1,,
ABILITIES,2,,
ABIS,0,,
ABIT,1,,
ABLE,0,,
ABRAZO,1,trust,
ABRIL,1,,
ABS,0,,
ABSEN,0,,
ABSENTEES,-1,disgust,
ABSOLUTE MADNESS,-4,anger,
ABSOLUTELY,1,,
ABSOLVE,2,trust,
ABSOLVED,2,trust,
ABSOLVES,2,trust,
ABSOLVING,2,trust,
ABT,1,,
ABURRIDA,-1,anticipation,
ABURRIDO,-2,anticipation,
ABUSED,-3,disgust,
ABUSES,-3,disgust,
ABUSIVE,-3,disgust,
ACA,1,,
ACABA,0,,
ACABAR,0,,
ACABO,0,,
ACARA,1,,
ACC,2,,
ACCEPTED,1,trust,
ACCEPTING,1,trust,
ACCEPTS,1,trust,
ACCIDENTS,-2,surprise,
ACCOMPLISHES,2,trust,
ACCORDING,1,,
ACCUSATIONS,-2,fear,
ACCUSE,-2,fear,
ACCUSES,-2,fear,
ACH,1,,
ACHA,0,,
ACHEI,0,,
ACHIEVABLE,1,trust,
ACHTER,1,,
ACORDAR,1,,
ACORDEI,1,,
ACQUIT,2,joy,
ACQUITS,2,joy,
ACQUITTED,2,joy,
ACQUITTING,2,joy,
ACRIMONIOUS,-3,anger,
ACROSS,1,,
ACTUALLY,1,,
ACUERDO,1,,
ADALAH,2,,
ADAM,1,,
ADANYA,1,,
ADDICTED,-2,disgust,
ADDING,2,trust,
ADE,1,,
ADEK,1,,
ADELE,2,,
ADIK,1,,
ADIOS,1,,
ADMIN,2,,
ADMIRED,3,trust,
ADMIRES,3,trust,
ADMIRING,3,trust,
ADMITS,-1,fear,
ADMONISH,-2,fear,
ADMONISHED,-2,fear,
ADOPTS,1,trust,
ADORED,3,joy,
ADOREI,3,joy,
ADORES,3,joy,
ADORO,2,joy,
ADUH,-1,,
ADVANTAGES,2,anticipation,
ADVENTURES,2,surprise,
AEE,2,,
AEEE,2,,
AFF,-2,,
AFFECTED,-1,sadness,
AFFECTIONATE,3,trust,
AFFRONTED,-1,anger,
AFGELOPEN,-1,,
AFRICA,1,,
AFTERWARDS,1,,
AGAK,1,,
AGAMA,1,,
AGAR,2,,
HIDDEN AGENDA,1,disgust,
AGENTE,0,,
AGES,0,,
AGGRAVATES,-2,fear,
AGGRESSIONS,-2,fear,
AGOG,2,trust,
AGONISE,-3,fear,
AGONISED,-3,fear,
AGONISES,-3,fear,
AGONISING,-3,fear,
AGONIZE,-3,fear,
AGONIZED,-3,fear,
AGONIZES,-3,fear,
AGR,0,,
AGREES,1,trust,
AHA,2,joy,
AHAA,2,joy,
AHAH,2,joy,
AHAHA,1,joy,
AHAHAH,1,joy,
AHAHAHA,1,joy,
AHAHAHAHA,1,joy,
AHAM,1,joy,
AHH,1,joy,
AHHA,1,joy,
AHHH,1,joy,
AHI,1,joy,
AHORITA,0,,
AIGHT,2,trust,
AIH,0,,
AII,0,,
AIII,0,,
AIN,-1,,
AINT,0,,
AIN'T,1,,
AJA,1,,
AJAA,1,,
AJAAA,0,,
AJAH,1,,
AJAK,0,,
AJARIN,0,,
AJAX,1,,
AJE,0,,
AJJ,1,,
AKA,1,,
AKHIR,1,,
AKHIRNYA,2,,
AKI,0,,
AKO,1,,
AKTIF,0,,
AKUN,1,,
AKUNYA,0,,
AKUU,0,,
AKUUU,0,,
ALA,0,,
ALAM,1,,
ALAN,1,,
ALARMED,-2,surprise,
ALARMIST,-2,anger,
ALARMISTS,-2,anger,
ALAS,-1,sadness,
ALAY,0,,
ALBUMS,1,,
ALE,1,,
ALEGRO,2,,
ALEX,1,,
ALGO,0,,
ALGUEM,0,,
ALGUIEN,0,,
ALGUM,0,,
ALGUN,1,,
ALHAMDULILAH,3,,
ALHAMDULILLAH,3,,
ALICE,1,,
ALLAH,1,,
ALLEEN,0,,
ALLEMAAL,1,,
ALLEN,1,,
ALLERGIC,-2,fear,
ALLERGIES,-2,fear,
ALLES,1,,
ALLL,1,,
ALLOH,0,,
ALLOW,1,,
ALMA,1,,
ALMOST,1,,
ALONE,-2,fear,
ALONG,2,,
ALOT,1,,
ALREADY,0,,
ALRIGHT,2,,
ALSO,0,,
ALTHOUGH,0,,
ALTIJD,1,,
ALWAYS,0,,
ALWEER,0,,
AMA,0,,
AMAN,1,,
AMANDA,0,,
AMANHA,0,,
AMAR,0,,
AMAT,0,,
AMAZED,2,surprise,
AMAZES,2,surprise,
AMAZON,1,,
AMBIL,1,,
AMERICA,1,,
AMERICAN,1,,
AMI,0,,
AMIEN,3,,
AMIGA,1,,
AMIGAS,1,,
AMIGO,1,trust,
AMIGOS,1,,
AMIIIN,3,,
AMIIN,3,,
AMIN,3,,
AMINN,3,,
AMINNN,3,,
AMO,1,,
AMOO,1,,
AMOOO,1,,
AMOOR,1,trust,
AMOR,1,trust,
AMORE,1,trust,
AMORES,2,trust,
AMPE,0,,
AMPUN,-1,,
AMR,1,,
AMSTERDAM,1,,
AMUSEMENTS,3,,
AMY,2,,
ANAK,1,,
ANAK2,1,,
ANAKNYA,1,,
ANDA,1,,
ANDAI,0,,
ANDAR,0,,
ANDAS,1,,
ANDERE,1,,
ANDO,0,,
ANDREW,1,,
ANDROID,1,,
ANDY,1,,
ANE,1,,
ANEH,0,,
ANG,1,,
ANGELES,1,,
ANGELS,1,trust,
ANGERS,-3,anger,
ANGIN,0,,
ANGUISHED,-3,anger,
ANIMALS,1,,
ANIMO,1,,
ANJING,0,,
ANK,1,,
ANN,1,,
ANNA,1,,
ANNE,2,,
ANNIV,3,,
ANNIVERSARY,3,,
ANNOYED,-2,fear,
ANNOYS,-2,fear,
ANNYEONG,4,,
ANO,1,,
ANOCHE,0,,
ANOS,0,,
ANOTHER,1,,
ANSWERED,1,,
ANSWERS,1,,
ANTARA,1,,
ANTHONY,1,,
ANTI,-1,anger,
ANTONIO,1,,
ANYBODY,1,,
ANYMORE,-1,anger,
ANYONE,1,,
ANYTHING,1,,
ANYTIME,2,,
ANYWAY,1,,
ANYWAYS,1,,
ANYWHERE,0,,
APA2,0,,
APAA,1,,
APAAA,1,,
APAAN,0,,
APAKAH,1,,
APALAGI,0,,
APANYA,0,,
APAPUN,1,,
APART,0,,
APENAS,0,,
APESHIT,-3,anger,
APO,1,,
APOLOGISE,-1,sadness,
APOLOGISED,-1,sadness,
APOLOGISES,-1,sadness,
APOLOGISING,-1,sadness,
APOLOGIZED,-1,sadness,
APOLOGIZES,-1,sadness,
APOLOGIZING,-1,sadness,
APP,1,,
APPALLED,-2,fear,
APPEAR,0,,
APPEARS,0,,
APPEASED,2,joy,
APPEASES,2,joy,
APPEASING,2,joy,
APPLAUD,2,trust,
APPLAUDED,2,trust,
APPLAUDING,2,trust,
APPLAUDS,2,trust,
APPRECIATE,2,trust,
APPRECIATED,2,trust,
APPRECIATES,2,trust,
APPRECIATING,2,trust,
APPROVED,2,trust,
APPROVES,2,trust,
APPS,1,,
APRIL,1,,
AQI,1,,
ARENT,0,,
ARGENTINA,1,,
ARGH,-2,anger,
ARI,1,,
ARIZONA,1,,
AROUND,1,,
ARRESTED,-3,disgust,
ARRESTS,-2,sadness,
ARRIVED,2,,
ARRUMANDO,2,,
ARRUMAR,2,,
ARSE,-1,disgust,
ARTINYA,1,,
ARTIS,1,,
ARTS,1,,
ASA,0,,
ASAL,1,,
ASAP,1,,
ASHAME,-2,disgust,
ASHLEY,1,,
ASIIIK,2,,
ASIK,1,,
ASK,1,,
ASKED,1,,
ASKING,1,,
ASLI,0,,
ASSALAMUALAIKUM,4,,
ASSASSINATIONS,-3,fear,
ASSET,2,,
ASSFUCKING,-4,anger,
ASSIGNMENTS,0,,
ASSISTI,1,,
ASSISTINDO,2,,
ASSISTIR,1,,
ASSUME,1,,
ASTAGA,-1,,
ASTAGFIRULLAH,-1,,
ASTONISHED,-1,surprise,
ASTOUND,-1,surprise,
ASWELL,1,,
ASYIK,1,,
ATA,1,,
ATAS,2,,
ATAU,1,,
ATE,1,,
ATH,0,,
ATI,1,,
ATI2,1,,
ATL,1,,
ATLANTA,1,,
ATLEAST,1,,
ATM,0,,
ATO,1,,
ATTACHED,1,,
ATTACKED,-1,fear,
ATTEND,0,,
ATTRACT,1,trust,
ATTRACTED,1,trust,
ATTRACTING,2,trust,
ATTRACTIONS,2,trust,
ATTRACTIVE,2,trust,
ATTRACTS,1,anticipation,
ATUH,0,,
AUDIO,1,,
AULA,0,,
AUNQ,0,,
AUNQUE,1,,
AUNTIE,1,,
AUNTY,1,,
AUSSIE,1,,
AUSTIN,1,,
AUSTRALIA,1,,
AVA,2,,
AVAILABLE,1,,
AVANYA,3,,
AVATARNYA,2,,
AVE,1,,
AVERTED,-1,fear,
AVERTS,-1,fear,
AVI,3,,
AVISO,1,,
AVOIDED,-1,fear,
AVOIDS,-1,fear,
AVOND,1,,
AVONDJE,2,,
AVRIL,2,,
AWAITED,-1,sadness,
AWAK,0,,
AWAL,1,,
AWARDED,3,trust,
AWARDS,3,trust,
AWARE,1,trust,
AWAS,1,,
AWAY,0,,
AWESOME,4,joy,
AWESOMENESS,2,joy,
AWH,1,,
AWHH,1,,
AWHILE,1,,
AWKWARD,-2,disgust,
AWSOME,2,joy,
AWW,1,,
AWWH,1,,
AWWW,1,,
AXE,-1,anger,
AXED,-1,anger,
AYA,1,,
AYAH,1,,
AYAM,1,,
AYEE,3,joy,
AYEEE,3,joy,
AYER,0,,
AYO,1,,
AYOK,1,,
AYOO,1,,
AYOOO,1,,
AYU,1,,
AYUDA,1,,
AYY,0,,
AYYY,0,,
B/C,0,,
BAB,1,,
BABE,1,joy,
BABES,1,joy,
BABI,1,,
BABIES,1,,
BABYSITTING,1,,
BABYYY,1,,
BAC,1,,
BACA,1,,
BACKED,1,,
BACKING,2,,
BACKK,2,,
BACKS,1,,
BACON,1,,
BADAN,-1,,
BADASS,-3,fear,
BAE,1,,
BAEK,2,,
BAGAIMANA,1,,
BAGI,2,,
BAGIAN,1,,
BAGS,1,,
BAGUS,2,,
BAH,0,,
BAHAGIA,2,,
BAHAHA,2,joy,
BAHASA,1,,
BAIK,2,,
BAIK2,2,,
BAIKLAH,2,,
BAJU,1,,
BAK,1,,
BAKALAN,0,,
BAKAR,1,,
BAKED,2,,
BAKSO,1,,
BALAS,0,,
BALES,0,,
BALI,1,,
BALIK,0,,
BALLS,1,,
BAM,1,,
BAMBOOZLE,-2,anger,
BAMBOOZLED,-2,anger,
BAMBOOZLES,-2,anger,
BANA,1,,
BANDA,1,,
BANDS,1,,
BANDUNG,1,,
BANGEEET,0,,
BANGET,0,,
BANGGA,2,,
BANHO,2,,
BANKSTER,-3,disgust,
BANNED,-2,fear,
BANTU,1,,
BANTUIN,0,,
BANYAK,1,,
BARBIE,1,,
BARCA,1,,
BARCELONA,1,,
BARE,0,,
BARS,1,,
BARU,1,,
BARUSAN,0,,
BAS,1,,
BASED,1,,
BASICALLY,1,,
BASTA,1,,
BASTARDS,-5,disgust,
BATAL,-1,disgust,
BATERIA,-1,,
BATMAN,1,trust,
BATTLES,-1,fear,
BATU,0,,
BATUK,-1,,
BAU,0,,
BAWA,1,,
BAWAIN,1,,
BAYAR,1,,
BBALL,1,,
BBC,0,,
BBL,2,,
BBM,0,,
BBQ,1,,
BBY,1,,
BCK,1,,
BDAY,2,,
B'DAY,3,,
B-DAY,2,,
BDG,1,,
BEAN,1,,
BEANS,2,,
BEARS,1,,
BEATEN,-2,disgust,
BEATIFIC,3,,
BEATLES,2,,
BEATS,1,,
BEAUTIES,3,joy,
BEAUTIFULLY,3,joy,
BEB,0,,
BEBAS,1,,
BEBE,0,,
BEBEB,0,,
BEBEK,1,,
BEBER,0,,
BEBERAPA,0,,
BECAME,1,,
BECANDA,0,,
BECOME,1,,
BECOMING,1,,
BEDA,1,,
BEDANKT,2,,
BEDJE,1,,
BEERS,1,,
BEETJE,1,,
BEFORE AND AFTER,-1,,
BEGADANG,1,,
BEGINI,-1,,
BEGINNEN,1,,
BEGINS,1,anticipation,
BEGINT,1,,
BEGITU,1,,
BEH,0,,
BEHIND,1,,
BEIJO,1,,
BEIJOS,2,,
BEIN,1,,
BEKASI,1,,
BEL,1,,
BELANJA,1,,
BELFAST,1,,
BELI,0,,
BELIEBER,2,,
BELIEBERS,2,,
BELIEVE,0,,
BELIIN,0,,
BELITTLED,-2,disgust,
BELLA,1,,
BELLE,1,,
BELLO,1,,
BELOM,0,,
BELONG,1,,
BELOVED,3,trust,
BELUM,0,,
BENAR,1,,
BENCI,0,,
BENDE,2,,
BENDICIONES,3,,
BENEDEN,1,,
BENEFITS,2,anticipation,
BENEFITTED,2,anticipation,
BENEFITTING,2,anticipation,
BENER,0,,
BENER2,0,,
BENERAN,0,,
BENI,1,,
BENIEUWD,3,,
BENTAR,1,,
BERAKHIR,1,,
BERANGKAT,1,,
BERANI,0,,
BERANTEM,0,,
BERAPA,1,,
BERARTI,1,,
BERASA,0,,
BERAT,0,,
BERDOA,2,,
BERDUA,1,,
BERDUKA,0,,
BEREAVE,-2,sadness,
BEREAVES,-2,sadness,
BEREAVING,-2,sadness,
BERENANG,0,,
BERES,1,,
BERHARAP,1,,
BERHASIL,2,,
BERHENTI,0,,
BERI,1,,
BERIKAN,2,,
BERITA,0,,
BERJALAN,2,,
BERJUANG,2,,
BERRY,1,,
BERSAMA,2,,
BERSYUKUR,2,,
BERTEMU,1,,
BERUBAH,0,,
BERUSAHA,2,,
BESAR,1,,
BESIDE,1,,
BESIDES,1,,
BESO,2,,
BEST,3,trust,
BEST FRIEND,1,trust,
BEST FRIENDS,1,trust,
BESTEST,2,trust,
BESTFRIEND,1,trust,
BESTFRIENDS,1,trust,
BESTIE,1,trust,
BESTIES,2,trust,
BETA,1,,
BETE,-1,,
BETER,1,,
BETRAYED,-3,disgust,
BETRAYING,-3,disgust,
BETRAYS,-3,disgust,
BETTA,1,,
BETTER,2,,
BETUL,1,,
BEY,0,,
BEYONCE,1,,
BEYOND,1,,
BEZIG,1,,
BFF,1,,
BGD,0,,
BGN,1,,
BGS,1,,
BGT,0,,
BGTU,1,,
BGUS,1,,
BHS,1,,
BIARIN,1,,
BIASA,1,,
BIASANYA,1,,
BIBLE,2,,
BIEBER,2,,
BIGGER,1,,
BIJNA,0,,
BIKIN,0,,
BIL,1,,
BILA,1,,
BILANG,0,,
BILLS,0,,
BINGUNG,-1,,
BINNEN,1,,
BINTANG,1,,
BIO,1,,
BIR,2,,
BIRDS,1,,
BIRMINGHAM,1,,
BIRTHDAYYY,4,joy,
BIRU,1,,
BISA,0,,
BISAA,0,,
BISAAA,0,,
BISCUITS,1,,
BISMA,1,,
BISMILLAH,3,,
BITCHES,-5,anger,
BITS,1,,
BITTER,-2,disgust,
BIZ,2,,
BJS,1,,
BKAN,1,,
BKIN,0,,
BKN,1,,
BLA,0,,
BLACK ARMBANDS,-2,sadness,
BLAH,-2,anger,
BLAJAR,1,,
BLAMED,-2,fear,
BLAMES,-2,fear,
BLAMING,-2,fear,
BLASTING,2,,
BLEH,0,,
BLESSES,2,trust,
BLEW,0,,
BLG,0,,
BLH,1,,
BLIJ,2,,
BLIJFT,1,,
BLIJVEN,1,,
BLITHE,2,,
BLJR,1,,
BLM,0,,
BLN,0,,
BLOCKBUSTER,3,joy,
BLOCKED,-1,anger,
BLOCKING,-1,anger,
BLOCKS,-1,anger,
BLOCO,1,,
BLOG,2,,
BLOGGING,1,,
BLOGS,1,,
BLOM,0,,
BLONDE,1,,
BLOW,1,,
BLOWS,-1,fear,
BLS,0,,
BLUM,0,,
BLURRY,-2,fear,
BLZ,1,,
BNER,0,,
BNGET,0,,
BNGT,0,,
BNGUN,0,,
BNR,0,,
BNYAK,1,,
BNYK,1,,
BOASTFUL,-2,anger,
BOB,1,,
BOBBY,1,,
BOGOR,1,,
BOHONG,0,,
BOI,1,,
BOKAP,0,,
BOLDLY,2,,
BOLEH,1,,
BONITA,2,,
BONITO,2,,
BONJOUR,4,joy,
BOOBS,0,,
BOOKED,1,,
BOONG,0,,
BOOOA,4,,
BOOOM,3,,
BOOSTED,1,,
BOOSTING,1,,
BOOSTS,1,,
BORED,-2,disgust,
BOS,1,,
BOSAN,-1,,
BOSEN,0,,
BOTHERED,-2,disgust,
BOTHERS,-2,disgust,
BOTHERSOME,-2,disgust,
BOTTLES,2,,
BOUGHT,1,,
BOUTA,2,,
BOW,2,,
BOWLING,2,,
BOXES,1,,
BOYCOTTED,-2,fear,
BOYCOTTING,-2,fear,
BOYCOTTS,-2,fear,
BOYS,1,,
BRAINWASHING,-3,anger,
BRAND,2,,
BRANDON,1,,
BRAPA,1,,
BRARTI,1,,
BRASIL,1,,
BRAZIL,1,,
BRB,2,,
BREAKS,0,,
BREAKTHROUGH,3,joy,
BREATHE,0,,
BREATHING,0,,
BREATHTAKING,5,surprise,
BRENG,1,,
BRG,1,,
BRIAN,1,,
BRIGHT,1,joy,
BRIGHTEST,2,joy,
BRINGING,2,,
BRINGS,2,,
BRITISH,1,,
BRITNEY,1,,
BRO,2,,
BROOKLYN,2,,
BROS,1,,
BROTHERS,1,,
BROUGHT,1,,
BROWNIES,1,,
BRP,1,,
BRPA,1,,
BRRR,0,,
BRU,1,,
BRUH,1,,
BRUNA,1,,
BRUNCH,2,,
BRUNO,1,,
BRUTALLY,-2,fear,
BSA,0,,
BSK,1,,
BSOK,0,,
BTW,2,,
BUAT,1,,
BUBUR,0,,
BUCKS,1,,
BUDDIES,1,,
BUEN,2,,
BUENA,2,,
BUENAS,3,,
BUENO,1,,
BUENOS,2,,
BUGS,1,,
BUH,0,,
BUITEN,1,,
BUKA,1,,
BUKANNYA,0,,
BUKAS,1,,
BUKU,1,,
BULAN,1,,
BULLIED,-2,fear,
BULLS,2,anger,
BULLSHIT,-4,anger,
BULLYING,-2,fear,
BUMMED,-2,disgust,
BUNDA,1,,
BUNG,2,,
BUNNY,1,,
BUONGIORNO,4,,
BUOYANT,2,,
BURDENED,-2,sadness,
BURDENING,-2,sadness,
BURDENS,-2,sadness,
BURGER,1,,
BURGERS,1,,
BURNED,-1,sadness,
BURUK,0,,
BUSCAR,1,,
BUTUH,0,,
BUU,0,,
BUUU,-1,,
BWA,1,,
BWT,1,,
BYEE,2,,
BYEEE,2,,
BYK,1,,
CABELO,0,,
CABEZA,-1,anger,
CADE,-2,,
CAE,1,,
CAKEP,2,,
CAKES,2,joy,
CALI,1,,
CALIFORNIA,1,,
CALLE,1,,
CALLED,1,,
CALMED,2,trust,
CALMING,2,trust,
CALMS,2,trust,
CALON,2,,
CALOR,0,,
CAMA,1,,
CAMBIAR,0,,
CAMBIO,1,,
CAME,1,,
CAMERA,0,,
CAMILA,0,,
CAMINO,1,,
CAMPING,1,,
CANADA,0,,
CANADIAN,1,,
CANCELED,-1,anger,
CANCELLED,-1,anger,
CANCELLING,-1,anger,
CANCELS,-1,anger,
CANCION,1,,
CANCIONES,1,,
CANSADA,-1,,
CANSADO,0,,
CANT STAND,-3,disgust,
CANTANDO,1,,
CANTIK,3,,
CAPEK,0,,
CAPTIVATED,3,,
CARA,0,,
CARALHO,-1,,
CARANYA,0,,
CARDIFF,1,,
CAREFREE,1,,
CARELESS,-2,anger,
CARES,2,trust,
CARI,1,,
CARING,2,trust,
CARLOS,1,,
CARNAVAL,1,,
CARNAVALES,0,,
CARNIVAL,1,,
CAROLINA,1,,
CARS,1,,
CASHING IN,-2,anger,
CASI,0,,
CASITA,1,,
CASO,1,,
CATASTROPHIC,-4,fear,
CATS,1,,
CAUGHT,1,,
CAUSA,0,,
CAUSE,1,,
CBA,0,,
CEDO,0,,
CEDRIC,1,,
CEK,2,,
CEL,0,,
CELEBRATE,3,joy,
CELEBRATES,3,joy,
CELTICS,1,,
CELULAR,0,,
CEMBURU,0,,
CENA,2,,
CENAR,1,,
CENAT,0,,
CENSORED,-2,fear,
CENTRE,1,,
CENTRO,1,,
CENUT,0,,
CEPAT,1,,
CEPET,1,,
CERAH,2,,
CERCA,0,,
CERITA,0,,
CERITANYA,0,,
CERTAIN,1,,
CERTAINLY,2,,
CERTEZA,1,,
CERTO,1,,
CEWE,1,,
CEWEK,1,,
CHA,1,,
CHAGRINED,-2,disgust,
CHAMA,0,,
CHAMP,2,joy,
CHAMPIONS,2,joy,
CHAMPIONSHIP,2,joy,
CHAMPS,3,joy,
CHANCES,2,,
CHANGES,1,,
CHARACTERS,1,,
CHARGED,-3,fear,
CHARGES,-2,fear,
CHARLIE,1,,
CHARLOTTE,1,,
CHARMLESS,-3,disgust,
CHASING,1,,
CHASTISE,-3,anger,
CHASTISED,-3,anger,
CHASTISES,-3,anger,
CHASTISING,-3,anger,
CHATA,-1,,
CHATO,-1,,
CHATTING,2,,
CHEAP SHOT,-2,disgust,
CHEAPER,1,,
CHEATED,-3,disgust,
CHEATER,-3,disgust,
CHEATERS,-3,disgust,
CHEATS,-3,disgust,
CHECKED,1,,
CHECKING,2,,
CHEEKY,2,,
CHEERED,2,,
CHEERLESS,-2,sadness,
CHEERS,2,,
CHEESE,2,,
CHEESY,2,,
CHEF,2,,
CHEGA,1,,
CHEGANDO,1,,
CHEGAR,1,,
CHEGOU,1,,
CHEGUEI,2,,
CHELSEA,1,,
CHEM,0,,
CHERISHED,2,joy,
CHERISHES,2,joy,
CHERISHING,2,joy,
CHICA,1,,
CHICAGO,1,,
CHICAS,1,,
CHICK,2,,
CHICKS,1,,
CHICO,1,,
CHILDREN,1,,
CHILLED,2,,
CHILLEN,2,,
CHILLIN,2,,
CHILLING,-1,fear,
CHIN,1,,
CHINGU,2,,
CHIPOTLE,2,,
CHOICES,1,,
CHOKED,-2,anger,
CHOKES,-2,anger,
CHOKING,-2,anger,
CHORAR,-2,anger,
CHOSE,1,,
CHRIS,1,,
CHRIST,2,,
CHRISTIAN,1,,
CHRISTMAS,1,,
CHROME,1,,
CHUVA,0,,
CICI,1,,
CIDADE,0,,
CIE,1,,
CIEE,2,,
CIEEE,1,,
CIELO,1,,
CIERTO,1,,
CIK,1,,
CIN,1,,
CINE,1,,
CINTA,1,,
CITA,0,,
CIUM,1,,
CIVIL UPRISING,-1,anger,
CIVIL WAR,-1,anger,
CKCK,0,,
CKCKCK,0,,
CLARIFIES,2,,
CLARO,1,,
CLASE,0,,
CLASES,0,,
CLASSES,1,,
CLASSY,3,trust,
CLEANED,1,,
CLEANER,2,,
CLEAR,1,,
CLEARED,1,,
CLEARLY,1,anticipation,
CLEARS,1,,
CLEVELAND,1,,
CLIMA,1,,
CLOSER,1,,
CLOSING,0,,
CLOUDS,1,,
CLUELESS,-2,surprise,
CMA,0,,
CMG,-1,,
CMO,1,,
CMON,1,,
C'MON,1,,
CNT,0,,
COBA,1,,
COCA,1,,
COCKSUCKER,-5,disgust,
COCKSUCKERS,-5,disgust,
COCKY,-2,anger,
COCO,1,,
COCOK,1,,
CODY,2,,
COERCED,-2,fear,
COISAS,1,,
COK,1,,
COKLAT,1,,
COLA,1,,
COLE,1,,
COLEGIO,0,,
COLLAPSED,-2,sadness,
COLLAPSES,-2,sadness,
COLLAPSING,-2,sadness,
COLLIDES,-1,sadness,
COLLIDING,-1,sadness,
COLLISIONS,-2,sadness,
COLLUDING,-3,fear,
COLOCAR,1,,
COLORADO,1,,
COLOUR,1,,
COMBATS,-1,anger,
COME,1,,
COMEBACK,1,,
COMENDO,1,,
COMFORTABLE,2,,
COMFORTING,2,trust,
COMFORTS,2,trust,
COMI,0,,
COMIDA,1,,
COMIENDO,2,,
COMMENDED,2,trust,
COMMENTS,1,,
COMMERCIALS,0,,
COMMITMENT,2,trust,
COMMITS,1,trust,
COMMITTING,1,trust,
COMP,0,,
COMPARED,1,,
COMPLAINED,-2,anger,
COMPLAINING,-2,anger,
COMPLAINS,-2,anger,
COMPLETE,1,,
COMPRAR,1,,
COMPREI,1,,
CONCERTS,1,,
CONCIERTO,0,,
CONCILIATE,2,anticipation,
CONCILIATED,2,anticipation,
CONCILIATES,2,anticipation,
CONCILIATING,2,anticipation,
CONDEMNS,-2,anger,
CONFLICTIVE,-2,anger,
CONFLICTS,-2,anger,
CONFUSED,-2,fear,
CONFUSING,-2,fear,
CONGRATS,2,joy,
CONGRATULATE,2,joy,
CONGRATULATION,2,joy,
CONGRATULATIONS,2,joy,
CONGRATZ,2,joy,
CONMIGO,0,,
CONSENTS,2,trust,
CONSIDER,2,trust,
CONSIDERING,1,,
CONSOLABLE,2,,
CONT,1,,
CONTA,0,,
CONTACTS,0,,
CONTAGIONS,-2,fear,
CONTAR,0,,
CONTEMPTUOUSLY,-2,disgust,
CONTEND,-1,anger,
CONTENDER,-1,anger,
CONTEST,-1,anger,
CONTESTABLE,-2,anger,
CONTIGO,1,,
CONTINUES,1,,
CONTRA,0,,
CONTROVERSIALLY,-2,fear,
CONVERSATIONS,1,,
CONVINCES,1,,
CONVIVIAL,2,joy,
CONVO,2,joy,
COOKED,2,,
COOKIE,1,,
COOKIES,1,,
COOL STUFF,3,trust,
COOLEST,3,trust,
COOOL,2,,
COPS,1,,
CORAZON,1,,
CORNERED,-2,fear,
CORRECT,2,trust,
COS,0,,
COSAS,1,,
COSTA,1,,
COUGHING,-2,fear,
COULDNT,0,,
COULD'VE,-1,,
COUNTING,1,,
COURSE,2,,
COURSEWORK,0,,
COUSIN,1,,
COUSINS,1,,
COVERS,1,,
COVER-UP,-3,fear,
COWO,1,,
COWOK,1,,
COZ,0,,
CPET,1,,
CPT,1,,
CRAMPS,-2,fear,
CRAPPY,-1,anger,
CRASHED,-1,fear,
CRAZIER,-2,anger,
CRAZIEST,-2,anger,
CREATED,2,joy,
CREATING,2,joy,
CREEPY,1,,
CREER,0,,
CRESTFALLEN,-2,disgust,
CRIED,-2,anger,
CRIES,-2,anger,
CRIMINALS,-3,anger,
CRITA,0,,
CRITICIZED,-2,anger,
CRITICIZES,-2,anger,
CRITICIZING,-2,anger,
CRITICS,-2,anger,
CRUSHES,-1,anger,
CSI,1,,
CTFU,1,,
CUACA,1,,
CUALQUIER,1,,
CUANTO,0,,
CUARTO,0,,
CUCI,1,,
CUD,0,,
CUDDLING,1,,
CUENTA,0,,
CUENTO,1,,
CUKUP,1,,
CULPA,-1,,
CUM,1,,
CUMA,0,,
CUMAN,0,,
CUMPLE,2,,
CUNT,-5,anger,
CUPCAKE,1,,
CUPCAKES,2,,
CUPPA,2,,
CUPS,1,,
CURE,1,,
CURHAT,0,,
CURIOUS,1,surprise,
CURLY,1,,
CURRENTLY,1,,
CURSO,1,,
CUS,1,,
CUSTOMERS,1,,
CUTEST,2,joy,
CUTIE,3,joy,
CUTS,-1,anger,
CUY,1,,
CUZ,1,,
CYA,2,,
CYNICAL,-2,anger,
CYNICISM,-2,anger,
CYRUS,2,,
DAAR,1,,
DAARNA,2,,
DACHT,1,,
DADDY,1,,
DADS,1,,
DAERAH,1,,
DAFTAR,1,,
DAGJE,1,,
DAH,1,,
DAHA,2,,
DAI,1,,
DALAM,1,,
DALLAS,1,,
DAMAI,2,,
DAMMIT,-4,anger,
DAMNIT,-4,anger,
DANCING,2,,
DANG,0,,
DANI,1,,
DANIEL,1,,
DANKE,4,,
DANNY,1,,
DAPAT,1,,
DAPET,1,,
DAQUI,1,,
DAR,0,,
DARAH,0,,
DAREDEVIL,2,,
DARIPADA,1,,
DARKEST,-2,fear,
DARL,1,,
DASAR,1,,
DATANG,1,,
DATES,1,,
DATING,1,,
DATS,1,,
DAUNTLESS,2,trust,
DAVE,1,,
DAVID,1,,
DAW,1,,
DAYLIGHT,1,,
DAYS,1,,
DAYY,2,joy,
DAYYY,2,joy,
DDE,2,,
DEA,1,,
DEAD,-3,sadness,
DEADLINE,0,,
DEARLY,3,trust,
DEBE,1,,
DEBO,0,,
DEBONAIR,2,,
DECEIVES,-3,disgust,
DECEMBER,1,,
DECH,1,,
DECIDE,1,,
DECIR,0,,
DECISIONS,1,,
DEDE,1,,
DEDICATED,2,trust,
DEE,1,,
DEEEH,0,,
DEEH,0,,
DEEP,1,,
DEF,1,,
DEFECTS,-3,fear,
DEFENDERS,2,trust,
DEFF,1,,
DEFINATELY,2,trust,
DEFINITELY,2,trust,
DEFINITIVAMENTE,0,,
DEFO,1,,
DEG,1,,
DEGRADED,-2,disgust,
DEGRADES,-2,disgust,
DEGREES,1,,
DEH,1,,
DEHH,0,,
DEHUMANIZE,-2,disgust,
DEHUMANIZED,-2,disgust,
DEHUMANIZES,-2,disgust,
DEHUMANIZING,-2,disgust,
DEI,1,,
DEIXA,0,,
DEIXAR,1,,
DEIXOU,-1,,
DEJA,0,,
DEJAR,0,,
DEJE,0,,
DEJECT,-2,sadness,
DEJECTED,-2,sadness,
DEJECTING,-2,sadness,
DEJECTS,-2,sadness,
DEJO,0,,
DEK,2,,
DEKAT,1,,
DEKET,1,,
DELETE,-1,anger,
DELETED,-1,anger,
DELIGHTING,3,joy,
DELIGHTS,3,joy,
DELIVER,1,,
DELIVERED,1,,
DEMAM,-1,,
DEMANDED,-1,anger,
DEMANDS,-1,anger,
DEMASIADO,0,,
DEMI,1,,
DEMO,1,,
DENGAN,1,,
DENGER,-1,fear,
DENGERIN,1,,
DENIER,-2,fear,
DENIERS,-2,fear,
DENIES,-2,fear,
DENK,1,,
DENOUNCES,-2,anger,
DENOVO,0,,
DENTIST,-1,,
DEPENDS,2,,
DEPOIS,1,,
DERAILED,-2,sadness,
DERAILS,-2,sadness,
DERBY,1,,
DERIDED,-2,disgust,
DERIDES,-2,disgust,
DERIDING,-2,disgust,
DESAYUNO,1,,
DESCANSAR,2,,
DESCULPA,-1,,
DESEO,1,,
DESERVES,2,trust,
DESFILE,1,,
DESIRE,1,,
DESIRED,2,,
DESKTOP,1,,
DESPAIRS,-3,sadness,
DESPERATELY,-3,sadness,
DESPITE,1,,
DESPONDENT,-3,sadness,
DESPUES,1,,
DESSA,0,,
DESTROY,-3,anger,
DESTROYS,-3,anger,
DETAINED,-2,fear,
DETROIT,1,,
DEU,-1,,
DEUS,0,,
DEV,1,,
DEVASTATED,-3,anger,
DEVOTED,3,,
DEWASA,2,,
DEY,1,,
DEZE,1,,
DGN,1,,
DIAA,2,,
DIAAA,2,,
DIAJAK,0,,
DIAN,1,,
DIANA,1,,
DIARIES,1,,
DIAS,1,,
DIBALES,0,,
DIBILANG,0,,
DICEN,1,,
DICES,0,,
DICH,1,,
DICHO,1,,
DICK,-4,anger,
DICKHEAD,-4,anger,
DICTATORS,-2,disgust,
DIED,-3,sadness,
DIEGO,1,,
DIEM,0,,
DIERON,0,,
DIFF,1,,
DIFFERENT,1,,
DIFFIDENT,-2,none,
DIFICIL,-1,,
DIGA,1,,
DIGAS,0,,
DIGO,1,,
DIH,0,,
DIIA,2,,
DIIIA,3,,
DIJE,0,,
DIJO,0,,
DIK,1,,
DIKASIH,1,,
DIKIT,1,,
DIL,1,,
DIMANA,1,,
DINDA,1,,
DINERO,0,,
DING,1,,
DINGEN,1,,
DINGIN,0,,
DINSDAG,1,,
DIO,0,,
DIOS,1,,
DIPSHIT,-3,anger,
DIR,2,,
DIRECT,1,,
DIRECTORS,1,,
DIREFUL,-3,disgust,
DIRI,1,,
DIRIKU,0,,
DIRIMU,1,,
DIRTIER,-2,disgust,
DIRTIEST,-2,disgust,
DIRUMAH,0,,
DIS,1,,
DISADVANTAGED,-2,fear,
DISANA,1,,
DISAPPEARED,-1,fear,
DISAPPEARS,-1,fear,
DISAPPOINTMENTS,-2,disgust,
DISAPPOINTS,-2,disgust,
DISCARD,-1,disgust,
DISCARDING,-1,disgust,
DISCO,1,,
DISCONSOLATE,-2,sadness,
DISCONSOLATION,-2,sadness,
DISCONTENTED,-2,sadness,
DISCOVERED,1,,
DISCREDITED,-2,anger,
DISFRUTA,2,,
DISFRUTAR,2,,
DISGUISES,-1,fear,
DISGUISING,-1,disgust,
DISGUSTED,-3,disgust,
DISHES,1,,
DISILLUSIONED,-2,anger,
DISINI,0,,
DISMAYED,-2,sadness,
DISNEY,1,,
DISPARAGED,-2,disgust,
DISPARAGES,-2,disgust,
DISPUTED,-2,anger,
DISPUTES,-2,anger,
DISPUTING,-2,anger,
DISQUIET,-2,fear,
DISREGARDING,-2,anger,
DISREGARDS,-2,anger,
DISRESPECTED,-2,anger,
DISRUPTIONS,-2,anger,
DISRUPTIVE,-2,anger,
DISTORTING,-2,anger,
DISTORTS,-2,anger,
DISTRACTS,-2,none,
DISTRESSES,-2,anger,
DISTRUSTFUL,-3,anger,
DISTURB,-2,none,
DISTURBING,-2,fear,
DISTURBS,-2,none,
DISURUH,0,,
DITHERING,-2,fear,
DITINGGAL,-1,,
DITO,1,,
DITUNGGU,3,,
DIVA,2,,
DIVERTIDO,1,,
DKT,1,,
DLL,1,,
DLM,1,,
DLU,1,,
DMANA,1,,
DMN,1,,
DMNA,1,,
DMS,1,,
DNG,1,,
DNK,1,,
DNT,0,,
DOA,2,,
DOAIN,2,,
DOAKAN,2,,
DOANG,0,,
DOANK,0,,
DOANYA,3,,
DOC,0,,
DOCTORS,-1,,
DODGY,-2,fear,
DOENTE,-2,,
DOES NOT WORK,-3,fear,
DOESNT,0,,
DOGS,1,,
DOI,0,,
DOIN,1,,
DOKTER,0,,
DOLLARS,1,,
DOLOROUS,-2,sadness,
DOM,1,,
DOMINGO,1,,
DONATE,1,,
DONE,2,,
DONG,1,,
DONGG,1,,
DONGGG,0,,
DONGS,1,,
DONK,1,,
DONT,0,,
DONT LIKE,-2,disgust,
DONUTS,1,,
DOO,1,,
DOOD,-1,,
DOONG,1,,
DOOO,1,,
DOOONG,0,,
DOORS,1,,
DOPE,3,,
DOR,-2,,
DORMI,0,,
DORMINDO,0,,
DORMIR,1,,
DORMIRE,1,,
DOSA,0,,
DOSEN,0,,
DOUBTED,-1,fear,
DOUBTS,-1,fear,
DOUCHEBAG,-3,anger,
DOUCHEN,1,,
DOUGIE,-1,,
DOWNHEARTED,-2,sadness,
DOWNLOAD,1,,
DOWNLOADED,1,,
DOWNSIDE,-2,fear,
DOWNSTAIRS,0,,
DOWNTOWN,2,,
DOY,1,,
DPN,0,,
DPS,1,,
DPT,1,,
DRAGGED,-1,anger,
DREADED,-2,fear,
DREADING,-2,fear,
DREAMS,1,joy,
DRESS,1,,
DRESSED,1,,
DRESSES,2,,
DREW,1,,
DRI,1,,
DRINKEN,2,,
DRINKIN,1,,
DRINKS,2,,
DRIVE,1,,
DRIVERS,1,,
DRIVING,1,,
DRMH,0,,
DROGA,-2,,
DROOPY,-2,,
DROPPED,0,,
DROPPING,1,,
DROWNED,-2,fear,
DROWNS,-2,fear,
DRPD,1,,
DRTD,0,,
DRUGS,1,,
DRUK,1,,
DRUNK,-2,disgust,
DSNI,0,,
DTG,0,,
DUA,1,,
DUAS,0,,
DUBLIN,1,,
DUCK,1,,
DUD,-2,anger,
DUDA,1,,
DUDE,1,,
DUDES,1,,
DUDUK,1,,
DUELE,-2,,
DUH,0,,
DUIT,0,,
DUKUNG,1,,
DULCE,1,,
DULU,1,,
DULUAN,1,,
DUMBASS,-3,anger,
DUNIA,2,,
DUNK,1,,
DUNNO,0,,
DUPED,-2,sadness,
DURMI,0,,
DUTY,1,,
DVD,1,,
DVR,1,,
DWN,1,,
DYA,0,,
DYSFUNCTION,-2,anger,
EAE,2,,
EARS,0,,
EASIER,1,,
EAST,1,,
EASTER,1,,
EATEN,0,,
EBAY,0,,
ECHT,0,,
EDITING,1,,
EDWARD,1,,
EEE,1,,
EEH,1,,
EENS,1,,
EERIE,-2,,
EERST,1,,
EERSTE,1,,
EERY,-2,,
EFF,0,,
EFFECTIVELY,2,joy,
EFFIN,0,,
EGGS,1,,
EGT,-1,,
EHEHE,2,joy,
EHEM,1,,
EHH,1,,
EHHH,1,,
EHM,1,,
EIGENLIJK,1,,
EINDELIJK,2,,
EITHER,0,,
ELATION,3,,
ELEGANTLY,2,,
ELKAAR,1,,
ELLA,1,,
ELLO,2,,
ELO,0,,
ELSE,1,,
ELU,0,,
EMAIL,1,,
E-MAIL,1,,
EMAILS,1,,
EMAK,0,,
EMANG,0,,
EMBARRASSED,-2,disgust,
EMBARRASSES,-2,disgust,
EMG,0,,
EMILY,1,,
EMINEM,1,,
EMM,1,,
EMMA,2,,
EMNG,0,,
EMO,0,,
EMOSI,0,,
EMPATHETIC,2,anticipation,
EMPEZAR,1,,
EMPIEZA,1,,
ENAK,0,,
ENAKNYA,1,,
ENCANTA,2,,
ENCANTO,2,,
ENCONTRAR,1,,
ENCOURAGED,2,,
ENCOURAGES,2,,
ENCUENTRO,-1,,
ENDORSE,2,,
ENDORSED,2,,
ENDORSES,2,,
ENDS,1,,
ENEMIES,-2,anger,
ENFIM,1,,
ENG,1,,
ENGAGES,1,,
ENGGA,0,,
ENGGAK,0,,
ENGKAU,1,,
ENGLAND,1,,
ENGLISH,1,,
ENJOYED,3,joy,
ENJOYS,2,joy,
ENK,0,,
ENLIGHTENED,2,surprise,
ENLIGHTENS,2,surprise,
ENNUI,-2,disgust,
ENOUGH,1,,
ENRAGE,-2,anger,
ENRAGED,-2,anger,
ENRAGES,-2,anger,
ENRAGING,-2,anger,
ENRAPTURE,3,surprise,
ENSERIO,0,,
ENSLAVES,-2,anger,
ENSURING,1,trust,
ENTAH,0,,
ENTAR,1,,
ENTENDI,0,,
ENTHRAL,3,surprise,
ENTHUSIASTIC,3,surprise,
ENTIENDO,0,,
ENTITLED,1,anticipation,
ENTRA,0,,
ENTRAR,0,,
ENTRO,0,,
ENTRUSTED,2,trust,
ENVIDIA,0,,
ENVIES,-1,disgust,
ENVY,-1,disgust,
ENVYING,-1,disgust,
ENZO,1,,
EPISODES,0,,
EQUIPO,1,,
ERG,0,,
ERIC,1,,
ERIN,2,,
ERM,1,,
ERRANDS,1,,
ERRORS,-2,none,
ERRR,0,,
ESAS,1,,
ESCAPES,-1,none,
ESCOLA,0,,
ESCUCHANDO,2,,
ESCUELA,0,,
ESO,0,,
ESOK,1,,
ESOS,0,,
ESP,1,,
ESPECIALLY,1,,
ESPERA,1,,
ESPERANDO,1,,
ESPERAR,1,,
ESPERO,1,,
ESPN,1,,
ESQUE,0,,
ESQUECI,-1,,
ESSAYS,0,,
ESTAS,1,,
ESTEEMED,2,,
ESTO,0,,
ESTOS,0,,
ESTUDAR,0,,
ESTUDIAR,0,,
ESTUVO,1,,
ETA,1,,
ETC,1,,
ETEN,2,,
EUPHORIA,4,joy,
EUPHORIC,4,joy,
EURO,1,,
EUY,0,,
EVA,1,,
EVEN,0,,
EVENTS,1,,
EVENTUALLY,1,,
EVER,1,,
EVERRR,2,,
EVERY,1,,
EVERY1,1,,
EVERYBODY,2,,
EVERYTHING,1,,
EVERYTIME,1,,
EVERYWHERE,0,,
EVET,2,,
EWW,0,,
EWWW,-1,disgust,
EXACT,1,,
EXACTLY,1,,
EXAGGERATES,-2,anger,
EXAGGERATING,-2,anger,
EXAMEN,0,,
EXAMPLE,2,,
EXAMS,0,,
EXASPERATED,2,surprise,
EXCELENTE,3,joy,
EXCEPT,0,,
EXCLUSIVE,2,trust,
EXHILARATED,3,surprise,
EXHILARATES,3,surprise,
EXHILARATING,3,surprise,
EXISTE,1,,
EXONERATE,2,trust,
EXONERATED,2,trust,
EXONERATES,2,trust,
EXONERATING,2,trust,
EXPANDS,1,,
EXPELLED,-2,fear,
EXPELLING,-2,fear,
EXPELS,-2,fear,
EXPLOITED,-2,disgust,
EXPLOITING,-2,disgust,
EXPLORATION,-1,none,
EXPLORATIONS,-1,none,
EXPO,1,,
EXPOSES,-1,disgust,
EXPOSING,-1,disgust,
EXTENDS,1,trust,
EXUBERANT,4,joy,
EXULTANT,3,joy,
EXULTANTLY,3,joy,
EYEBROWS,1,,
EYES,0,,
FAB,2,,
FACEBOOK,1,,
FACIAL,1,,
FACIL,1,,
FAG,-3,anger,
FAGGOT,-3,anger,
FAGGOTS,-3,anger,
FAIL,-2,fear,
FAILED,-2,fear,
FAILS,-2,fear,
FAILURES,-2,fear,
FAINTHEARTED,-2,fear,
FAKES,-3,anger,
FAKING,-3,anger,
FALA,0,,
FALANDO,0,,
FALAR,0,,
FALEI,0,,
FALLEN,-2,sadness,
FALLS,1,,
FALO,0,,
FALOU,0,,
FALTAN,1,,
FAM,2,,
FAMILIA,2,,
FAMILY,1,,
FANS,1,joy,
FANTASTIC,4,joy,
FAR,1,,
FASCINATE,3,surprise,
FASCINATED,3,surprise,
FASCINATES,3,surprise,
FASCIST,-2,anger,
FASCIST FILTH,-4,anger,
FASCISTS,-2,anger,
FAST,0,,
FASTER,1,,
FATALITIES,-3,anger,
FATIGUES,-2,sadness,
FATIGUING,-2,sadness,
FAV,2,joy,
FAVE,2,joy,
FAVORED,2,joy,
FAVORITED,2,joy,
FAVORITES,2,joy,
FAVORS,2,joy,
FAVOURITE,2,joy,
FAVS,2,joy,
FAZE,0,,
FCK,1,,
FDS,0,,
FEARSOME,-2,fear,
FEB,1,,
FED,0,,
FED UP,-3,anger,
FEEDBACK,2,,
FEELIN,0,,
FEELINGS,0,,
FEELS,1,,
FEEST,1,,
FEIRA,1,,
FELICIDAD,2,,
FELICIDADES,4,,
FELIZ,2,,
FELONIES,-3,anger,
FEMALES,2,,
FEO,-1,,
FER,1,,
FERIADO,1,,
FERVID,2,,
FEST,1,joy,
FESTA,1,joy,
FICANDO,-1,,
FICOU,0,,
FIDGETY,-2,fear,
FIETS,1,,
FIETSEN,0,,
FIFA,1,,
FIGURED,2,,
FIJN,2,,
FIJNE,3,,
FILES,0,,
FILLED,1,,
FILME,1,,
FILMING,1,,
FILMS,1,,
FINALMENTE,3,,
FINALS,0,,
FINANCIAL CRISIS,-1,fear,
FINDE,1,,
FINE,2,,
FINGERS,1,,
FINISHED,1,,
FINNA,2,,
FIR,1,,
FIRED,-2,anger,
FIRST,1,,
FISIKA,1,,
FIT,1,,
FIVE,0,,
FIXIE,0,,
FIXING,1,,
FLEES,-1,fear,
FLIGHTS,0,,
FLIP,1,,
FLOPS,-2,disgust,
FLOR,2,,
FLORIDA,1,,
FLOWER,2,,
FLOWERS,1,,
FML,-2,,
FOCUSED,2,,
FODA,0,,
FOKUS,2,,
FOLBACK,4,anticipation,joy
FOLBEK,4,,
FOLKS,2,,
FOLL,4,,
FOLLBACK,4,,
FOLLBACKNYA,5,,
FOLLOWBACK,4,,
FOLLOWED,3,,
FOLLOWERS,2,,
FOLLOWIN,2,,
FOLLOWING,2,,
FOLLOWNYA,5,,
FOLLOWS,2,,
FOME,-1,,
FOND,2,,
FONE,0,,
FOODS,1,,
FOOLS,-2,anger,
FORECLOSURE,-2,disgust,sadness
FORECLOSURES,-2,disgust,sadness
FOREVER,1,,
FORGETTING,0,,
FORGOT,0,,
FORMA,1,,
FORREAL,1,,
FOSSE,-1,,
FOTO,1,,
FOTONYA,1,,
FOTOS,1,,
FOUR,0,,
FRANCE,0,,
FRANCISCO,0,,
FRANKIE,0,,
FRAUDS,-4,sadness,surprise
FRAUDSTER,-4,sadness,surprise
FRAUDSTERS,-4,sadness,surprise
FRAUDULENCE,-4,sadness,surprise
FREAKIN,0,,
FREAKING,0,,
FREE,1,,
FRENCH,1,,
FRENTE,1,,
FRESH,1,,
FRI,0,,
FRIDAY,2,,
FRIDAYS,1,,
FRIDGE,1,,
FRIED,1,,
FRIENDS,1,,
FRIES,1,,
FRIGHTENING,-3,fear,
FRIKIN,-2,fear,
FRIO,0,,
FRM,1,,
FRUSTRATES,-2,anger,
FRUSTRATING,-2,anger,
FTW,3,,
FUCK,-4,anger,
FUCKED,-4,anger,
FUCKER,-4,anger,
FUCKERS,-4,anger,
FUCKFACE,-4,anger,
FUCKHEAD,-4,anger,
FUCKIN,-4,anger,
FUCKING,-4,anger,
FUCKTARD,-4,anger,
FUD,-3,,
FUERTE,0,,
FUKED,-4,anger,
FUKING,-4,anger,
FULFILLED,2,trust,
FULFILLS,2,trust,
FUNERALS,-1,sadness,
FUNKY,2,,
FUNN,2,joy,
FUNNIER,4,joy,
FUNNIEST,2,joy,
FUNNN,2,,
FUNNY,4,joy,
FUTSAL,1,,
FYI,2,,
GAA,0,,
GAADA,-1,,
GABISA,-1,,
GADA,-1,,
GAGA,1,,
GAGAL,-1,,
GAGGED,-2,disgust,
GAH,-1,disgust,
GAINED,2,,
GAINS,2,,
GAJADI,-1,,
GAK,0,,
GAL,2,,
GALAU,0,,
GALERA,2,,
GALING,3,,
GALLANTLY,3,trust,
GAMAU,-1,,
GAMES,1,,
GAMPANG,1,,
GAN,1,,
GANA,1,,
GANAR,1,,
GANAS,0,,
GANDA,3,,
GANGGU,1,,
GANO,1,,
GANTENG,2,,
GAPAPA,1,,
GAPERNAH,2,,
GAPING WINDOWS,-1,,
GARA,-1,,
GARA2,-1,,
GARGANTA,-2,,
GARY,1,,
GASUKA,2,,
GATAU,0,,
GAUL,1,,
GAUSAH,1,,
GAVE,1,,
GAY,1,,
GAYA,1,,
GBU,5,,
GEDAAN,1,,
GEDE,0,,
GEE,1,,
GEEK,2,,
GEEZ,0,,
GEFELICITEERD,3,,
GEGETEN,2,,
GEHAD,1,,
GEK,0,,
GELAP,0,,
GELIJK,1,,
GELUKKIG,2,,
GEMIST,-1,,
GEN,1,,
GENDUT,0,,
GENOEG,1,,
GEORGE,1,,
GEORGIA,1,,
GEREJA,1,,
GERMANY,1,,
GESLAPEN,1,,
GET,1,,
GETS,1,,
GETTIN,1,,
GETTING,1,,
GEWEEST,1,,
GEWELDIG,2,,
GEWONNEN,2,,
GEWOON,1,,
GEWORDEN,1,,
GEZELLIG,3,,
GEZIEN,1,,
GGA,0,,
GIBI,2,,
GIDDY,-2,,
GIFTS,2,,
GIGI,0,,
GIGS,1,,
GIH,0,,
GILA,0,,
GILIRAN,0,,
GIMANA,0,,
GIMME,1,,
GING,1,,
GINI,-1,,
GIRLFRIEND,1,,
GIRLIE,2,,
GIRLS,2,,
GIRLY,2,,
GISTEREN,1,,
GIT,1,,
GITAR,1,,
GITU,0,,
GIVE,1,,
GIVEN,1,,
GIVES,1,,
GLAMOROUS,3,,
GLAMOUROUS,3,,
GLASGOW,1,,
GLEEFUL,3,,
GLOBAL,1,,
GLORIOUS,2,,
GMAIL,1,,
GMANA,0,,
GMN,0,,
GMNA,0,,
GMORNING,4,,
GNA,1,,
GNI,-1,,
GNIGHT,2,,
G'NIGHT,3,,
GNITE,2,,
GNT,1,,
GOAL,1,,
GOALS,2,,
GODDAMN,-3,,
GODS,1,,
GOED,2,,
GOEDE,2,,
GOEDEMORGEN,3,,
GOEIE,2,,
GOEIEMORGEN,2,,
GOES,1,,
GOIN,1,,
GOING,1,,
GOL,1,,
GOMAWO,4,,
GOMEZ,1,,
GON,1,,
GONA,1,,
GONE,0,,
GONNA,1,,
GOODLUCK,3,,
GOODMORNING,3,,
GOODNIGHT,3,,
GOODNITE,2,,
GOOGLE,1,,
GOOO,1,,
GOOOD,3,,
GORDA,0,,
GORENG,1,,
GOSH,0,,
GOSTEI,2,,
GOSTO,1,,
GOT,1,,
GOTTA,1,,
GOTTEN,0,,
GOWES,1,,
GPP,1,,
GR8,2,,
GRAAG,1,,
GRACIAS,3,,
GRAD,1,,
GRADUATE,1,,
GRAN,2,,
GRANDE,1,,
GRANDMA,1,,
GRANDPA,0,,
GRANDPARENTS,1,,
GRANNY,1,,
GRANTING,1,,
GRANTS,1,,
GRAS,1,,
GRATIFICATION,2,,
GRAX,2,,
GRAZIE,4,,
GREAT,3,,
GREAT CONCERN,-2,,
GREEK,1,,
GREEN WASH,-3,,
GREEN WASHING,-3,,
GREENWASH,-3,,
GREENWASHER,-3,,
GREENWASHERS,-3,,
GREENWASHING,-3,,
GREETED,1,,
GREETINGS,2,,
GREETS,1,,
GREW,1,,
GRIEVED,-2,,
GRILLED,2,,
GRIPE,-2,,
GROWING,1,,
GROWN,1,,
GRR,-1,,
GRRR,-1,,
GTU,0,,
GUA,0,,
GUD,2,,
GUESSING,1,,
GULLIBILITY,-2,,
GUMP,2,,
GUNA,0,,
GUNNA,1,,
GURL,1,,
GUSTA,1,,
GUSTO,1,,
GUTE,3,,
GUTEN,4,,
GUTTED,-2,,
GUYS,1,,
GUZEL,3,,
GWN,0,,
GWS,1,,
GYM,1,,
HA,2,,
HAA,1,,
HAAA,0,,
HAAR,1,,
HAAT,-1,,
HAB,1,,
HABER,0,,
HABIA,0,,
HABIS,0,,
HABLA,0,,
HABLAMOS,1,,
HABLANDO,1,,
HABLAR,0,,
HABLO,0,,
HACIA,1,,
HACK,0,,
HACKED,-1,,
HADIR,2,,
HADUH,-1,,
HAGA,1,,
HAH,1,,
HAHA,3,,
HAHAA,1,,
HAHAAA,1,,
HAHAH,1,,
HAHAHA,3,,
HAHAHAA,1,,
HAHAHAH,3,,
HAHAHAHA,1,,
HAHAHAHAH,1,,
HAHAHAHAHA,1,,
HAHAHAHAHAHA,1,,
HAHAHART,1,,
HAHAHHA,1,,
HAHART,1,,
HAHHA,1,,
HAHHAA,1,,
HAHHAHA,1,,
HAII,3,,
HAIII,2,,
HAILED,2,,
HAIRCUT,1,,
HAL,1,,
HALA,1,,
HALEN,1,,
HALF MAST,-1,,
HALLO,3,,
HALOO,3,,
HALOOO,3,,
HAMBRE,-1,,
HANDS,1,,
HANGIN,2,,
HANGOVER,0,,
HANNAH,1,,
HANYA,1,,
HAPE,0,,
HAPLESS,-2,sadness,
HAPLESSNESS,-2,,
HAPPENED,0,,
HAPPENS,1,,
HAPPIER,2,,
HAPPIEST,2,,
HAPPPY,3,,
HARAPAN,1,,
HARD,-1,,
HARDCORE,1,,
HARDER,0,,
HARDEST,0,,
HARDIER,2,,
HARDLY,0,,
HARGA,1,,
HARI,1,,
HARMED,-2,,
HARMING,-2,,
HARMS,-2,,
HARSH,-2,,
HARSHER,-2,,
HARSHEST,-2,,
HARUS,1,,
HARUSNYA,0,,
HASHTAG,2,,
HASIL,1,,
HASILNYA,1,,
HASNT,-1,,
HATED,-3,,
HATER,1,,
HATERS,-3,,
HATES,-3,,
HATI,1,,
HATI2,2,,
HATIKU,1,,
HAUNTING,1,,
HAUNTS,-1,,
HAV,1,,
HAVENT,0,,
HAVIN,1,,
HAVNT,0,,
HAWAII,1,,
HAYA,1,,
HAYO,1,,
HAYOO,1,,
HAYU,0,,
HAZ,0,,
HBD,4,,
HBS,0,,
HBU,3,,
HEADPHONES,0,,
HEADS,1,,
HEARTBREAKING,-3,,
HEARTBROKEN,-3,,
HEAVEN,2,,
HEAVYHEARTED,-2,,
HEBBEN,1,,
HEBT,1,,
HECHO,1,,
HECK,1,,
HEE,2,,
HEECHUL,-1,,
HEEE,1,,
HEEEY,2,,
HEEN,1,,
HEERLIJK,3,,
HEEY,3,,
HEH,1,,
HEHE,2,,
HEHEE,2,,
HEHEH,2,,
HEHEHE,2,,
HEHEHEH,2,,
HEHEHEHE,2,,
HEHERT,1,,
HEHHE,2,,
HEII,2,,
HEIN,1,,
HELAAS,-1,,
HELADO,0,,
HELD,1,,
HELE,0,,
HELEMAAL,0,,
HELLA,1,,
HELLO,3,,
HELLOO,3,,
HELLOOO,2,joy,
HELP,2,,
HELPED,2,,
HELPING,2,,
HELPS,2,,
HEPI,3,,
HERMANA,0,,
HERMANO,1,,
HERMOSA,2,,
HERMOSO,2,,
HEROES,2,,
HES,1,,
HESITANT,-2,,
HESITATE,-2,,
HEUTE,2,,
HEY,2,,
HEYY,2,,
HEYYY,2,,
HHA,1,,
HHAA,1,,
HHAHA,1,,
HHE,2,,
HHEHE,2,,
HHH,-1,,
HHI,1,,
HICE,0,,
HID,-1,,
HIDES,-1,,
HIDUP,1,,
HIGHLIGHT,2,,
HIGHLY,1,,
HIHI,2,,
HIHIHI,2,joy,
HII,2,,
HIII,2,,
HIKS,-2,,
HILANG,0,,
HILLS,1,,
HINDI,1,,
HISTORIA,1,,
HITS,1,,
HITTIN,2,,
HITTING,1,,
HIYA,2,,
HIZO,0,,
HMM,1,,
HMMM,1,,
HMU,2,,
HOES,2,,
HOHO,1,,
HOHOHO,2,,
HOI,2,,
HOLA,2,,
HOLAA,3,,
HOLAAA,3,,
HOLIDAYS,0,,
HOLLA,2,,
HOLLY,1,,
HOLLYWOOD,1,,
HOMBRE,1,,
HOME,1,,
HOMEE,1,,
HOMEEE,1,,
HOMEMADE,3,,
HOMETOWN,1,,
HOMIE,2,,
HOMIES,1,,
HOMO,1,,
HONESTLY,1,,
HONORED,2,,
HONORING,2,,
HONOUR,2,,
HONOURED,2,,
HONOURING,2,,
HOO,1,,
HOODIE,1,,
HOOLIGAN,-2,,
HOOLIGANISM,-2,,
HOOLIGANS,-2,,
HOOO,1,,
HOOR,1,,
HOORAY,2,,
HOPEFULLY,2,,
HORA,1,,
HORRENDOUS,-3,,
HOST,1,,
HOSTING,1,,
HOU,1,,
HOURS,0,,
HOUSEWIVES,1,,
HOWARD,1,,
HOWEVER,1,,
HOWS,2,,
HRI,1,,
HRS,0,,
HRUS,0,,
HTC,1,,
HUAAA,-1,,
HUBBY,1,,
HUCKSTER,-2,,
HUFT,-1,,
HUGS,2,,
HUH,0,,
HUHU,-1,,
HUHUHU,-1,,
HUIS,1,,
HUISWERK,0,,
HUJAN,0,,
HUMEROUS,3,,
HUMILIATED,-3,,
HUMOR,2,,
HUMOUR,2,,
HUMOUROUS,2,,
HUNG,0,,
HUNGOVER,0,,
HUNNY,1,,
HURTS,-2,,
HUSBAND,1,,
HUUU,-1,,
HVE,1,,
HYSTERICS,-3,,
IAA,1,,
IAH,1,,
IAM,1,,
IAN,1,,
IBADAH,3,,
IBU,1,,
ICECREAM,1,,
ICED,1,,
ICHA,2,,
ICIN,2,,
IDC,2,,
IDD,1,,
IDE,1,,
IDEAL,2,,
IDEAS,1,,
IDEE,1,,
IDIOTS,1,,
IDK,0,,
IDO,-1,,
IDUNG,-1,,
IEDEREEN,0,,
IEMAND,0,,
IETS,1,,
IGNORED,-2,,
IGNORES,-1,,
IGNORING,0,,
IGUAL,1,,
IGUALMENTE,4,,
IHH,0,,
IHHH,-1,,
IHOP,2,,
IIA,1,,
IIH,0,,
III,1,,
IKAN,0,,
IKAW,2,,
IKEA,1,,
IKHLAS,1,,
IKI,0,,
IKLAN,1,,
IKR,0,,
IKT,0,,
IKU,0,,
IKUT,0,,
IKUTAN,0,,
ILANG,-1,,
ILLITERACY,-2,,
ILLNESSES,-2,,
ILOVE,3,,
ILOVEYOU,2,,
ILY,2,,
IMA,1,,
I'MA,1,,
IMAGINO,0,,
IMBECILE,-3,,
IMMA,1,,
IMMOBILIZED,-1,,
IMPERFECT,-2,,
IMPIAN,3,,
IMPORTA,1,,
IMPORTANTE,1,,
IMPOSED,-1,,
IMPOSES,-1,,
IMPRESSED,3,,
IMPRESSES,3,,
IMPRESSIVE,3,,
IMPROVES,2,,
IMUT,2,,
IMY,0,,
INA,1,,
INBOX,1,,
INC,2,,
INCAPACITATED,-2,,
INCENSED,-2,,
INCONVENIENCE,-2,,
INCREDIBLE,2,,
INCREDIBLY,1,,
INCREIBLE,2,,
INDAH,2,,
INDEED,2,,
INDIA,0,,
INDIAN,0,,
INDIANA,0,,
INDIFFERENT,-2,,
INDOCTRINATE,-2,,
INDOCTRINATED,-2,fear,
INDOCTRINATES,-2,fear,
INDOCTRINATING,-2,,
INDONESIA,2,,
INEFFECTIVELY,-2,,
INFATUATED,2,,
INFECTED,-2,,
INFLAMED,-2,,
INFONYA,3,,
INFURIATE,-2,,
INFURIATED,-2,,
INFURIATES,-2,,
INFURIATING,-2,,
ING,1,,
INGAT,1,,
INGIN,1,,
INGLES,1,,
INNOVATES,1,,
INNOVATIVE,2,,
INQUISITION,-2,,
INSENSITIVE,-2,,
INSENSITIVITY,-2,,
INSPIRATIONAL,2,,
INSPIRES,2,,
INSPIRING,3,,
INSTALLED,1,,
INSTEAD,0,,
INSULTED,-2,,
INSULTS,-2,,
INSYA,2,,
INTERESTS,1,,
INTERNET,0,,
INTERROGATED,-2,,
INTERRUPTING,-2,,
INTERRUPTS,-2,,
INTERVIEWS,1,,
INTIMIDATED,-2,,
INTIMIDATES,-2,,
INTIMIDATING,-2,,
INTRIGUES,1,,
INTRO,3,,
INVITED,0,,
INVOLVED,1,,
INVULNERABLE,2,,
IOS,1,,
IPA,1,,
IPAD,1,,
IPHONE,1,,
IPOD,0,,
IPS,1,,
IRELAND,1,,
IRI,-1,,
IRISH,2,,
IRME,0,,
IRRESOLUTE,-2,,
IRRITATE,-3,,
IRRITATED,-3,,
ISA,0,,
ISH,0,,
ISI,0,,
ISNT,0,,
ISO,0,,
ISS,0,,
ISSUES,0,,
ISTIRAHAT,1,,
ITALIAN,2,,
ITALY,1,,
ITCHY,-2,,
IT'D,1,,
IT'LL,1,,
ITT,1,,
ITTT,1,,
ITUNES,1,,
IVE,0,,
IYA,1,,
IYAA,1,,
IYAAA,1,,
IYAH,1,,
IYE,1,,
IYI,4,,
IYO,1,,
JAA,1,,
JAAA,1,,
JAAR,1,,
JACKASSES,-4,,
JACKET,1,,
JACKSON,1,,
JACOB,1,,
JADI,0,,
JADIAN,1,,
JADINYA,0,,
JADWAL,0,,
JAGA,1,,
JAH,0,,
JAHAT,-1,,
JAILED,-2,,
JAJA,1,,
JAJAJ,1,,
JAJAJA,1,,
JAJAJAJ,1,,
JAJAJAJA,1,,
JAJAJAJAJ,1,,
JAJAJAJAJA,1,,
JAJAJAJAJAJA,0,,
JAK,1,,
JAKARTA,1,,
JAKE,1,,
JALAN,0,,
JALAN2,1,,
JAMAN,1,,
JAMMER,-1,,
JAMMIN,3,,
JAMMING,3,,
JAN,1,,
JANE,1,,
JANGAN,1,,
JANJI,0,,
JANTAR,2,,
JAPANESE,1,,
JARANG,0,,
JARIG,2,,
JASMINE,2,,
JASON,1,,
JATUH,1,,
JAUH,0,,
JAUNTY,2,,
JAVA,1,,
JAVAJAZZ,0,,
JAWA,1,,
JAWAB,1,,
JAZZ,1,,
JDI,0,,
JEFF,1,,
JEITO,0,,
JEJE,1,,
JEJEJE,2,,
JELAS,0,,
JELEK,0,,
JEMPUT,0,,
JEN,1,,
JENG,1,,
JENNIFER,2,,
JEREMY,1,,
JERK REACTION,-1,,
JERRY,1,,
JESS,1,,
JESSICA,2,,
JESSIE,2,,
JESUS,1,,
JEWELS,1,,
JGA,1,,
JGN,1,,
JIAH,1,,
JIJI,1,,
JIKA,1,,
JIM,2,,
JIWA,1,,
JJF,1,,
JKT,0,,
JLN,1,,
JOCULAR,2,,
JODOH,1,,
JOE,1,,
JOGANDO,1,,
JOGAR,1,,
JOGGING,1,,
JOGJA,1,,
JOH,1,,
JOHNNY,2,,
JOHNSON,2,,
JOKES,2,,
JOLLY,2,,
JOMBLO,1,,
JON,1,,
JONAS,1,,
JONES,2,,
JORDAN,1,,
JOSE,1,,
JOSH,1,,
JOYFULLY,3,,
JOYLESS,-2,,
JST,1,,
JUA,1,,
JUAL,1,,
JUAN,1,,
JUARA,2,,
JUEGO,0,,
JUEVES,1,,
JUGAA,1,,
JUGAAA,1,,
JUGANDO,1,,
JUGAR,0,,
JUJUR,1,,
JULIA,1,,
JULIE,1,,
JULIET,2,,
JULLIE,1,,
JULY,1,,
JUM,-1,,
JUMAT,1,,
JUM'AT,1,,
JUMPA,1,,
JUMPED,0,,
JUMPING,1,,
JUMPY,-1,,
JUNE,1,,
JUNTO,1,,
JUNTOS,1,,
JURO,0,,
JURUSAN,2,,
JUS,1,,
JUSS,1,,
JUSTIFIABLY,2,,
JUSTIFIED,2,,
JUSTIN,1,,
JUSTO,0,,
JUVE,1,,
KAA,2,,
KAAA,1,,
KABAR,2,,
KABARIN,2,,
KABARNYA,2,,
KACAMATA,1,,
KADANG,1,,
KADAR,2,,
KADO,1,,
KAGA,0,,
KAGAK,0,,
KAH,1,,
KAK,2,,
KAKA,1,,
KAKAK,1,,
KAKI,-1,,
KALAH,0,,
KALAU,1,,
KALI,0,,
KALIAN,1,,
KALO,1,,
KAMAR,0,,
KAMBUH,-2,,
KAMER,1,,
KAMI,1,,
KAMIS,0,,
KAMPUNG,1,,
KAMPUS,0,,
KAMU,1,,
KAMUNYA,1,,
KAMUU,1,,
KANAN,0,,
KANG,1,,
KANGEEEN,-1,,
KANGEN,-1,,
KANINA,1,,
KANTOR,0,,
KAPAN,0,,
KAPAN2,1,,
KAPOT,-1,,
KARAOKE,1,,
KARATE,2,,
KAREN,1,,
KARENA,1,,
KARNA,1,,
KARTU,0,,
KASI,1,,
KASIAN,-1,,
KASIH,2,,
KAT,1,,
KATA,1,,
KATE,1,,
KATIE,1,,
KATY,2,,
KAY,2,,
KAYA,0,,
KAYAKNYA,0,,
KAYANYA,0,,
KAYO,2,,
KBAR,2,,
KBR,2,,
KEADAAN,0,,
KEBANGUN,-1,,
KECEWA,-1,,
KECIL,1,,
KEDUA,1,,
KEEN,1,,
KEEP,1,,
KEEPS,0,,
KEER,1,,
KEITH,1,,
KEK,0,,
KELAR,1,,
KELAS,1,,
KELIATAN,1,,
KELLY,1,,
KELUAR,0,,
KEMANA,0,,
KEMAREN,0,,
KEMARIN,1,,
KEMBALI,1,,
KENA,0,,
KENAL,3,,
KENALAN,2,,
KENANGAN,1,,
KENAPA,-1,,
KENNY,2,,
KENYANG,2,,
KEPADA,2,,
KEPALA,-1,,
KEPIKIRAN,-1,,
KEPT,0,,
KERASA,0,,
KEREN,2,,
KERJA,1,,
KERJAAN,0,,
KERUMAH,0,,
KESANA,0,,
KESEL,-1,,
KESEPIAN,-1,,
KESIAN,-1,,
KESINI,0,,
KETAWA,1,,
KETEMU,0,,
KETEMUAN,1,,
KETIDURAN,0,,
KETIKA,1,,
KETINGGALAN,-1,,
KEVIN,1,,
KEYBOARD,1,,
KEYS,0,,
KFC,1,,
KGA,0,,
KGN,-1,,
KICKED,0,,
KICKS,1,,
KIDS,1,,
KIERO,0,,
KIJK,2,,
KIJKEN,2,,
KIKI,1,,
KILLED,-3,,
KILLER,0,,
KILLIN,0,,
KILLS,-3,,
KIM,1,,
KIMIA,1,,
KINDA,1,,
KINDER,2,,
KINGS,1,,
KIRA,1,,
KIRAIN,1,,
KIRI,0,,
KIRIM,1,,
KISSES,2,,
KITTY,0,,
KKA,2,,
KKK,0,,
KLAAR,2,,
KLAS,1,,
KLO,1,,
KLOPT,1,,
KLS,2,,
KLU,1,,
KLUAR,0,,
KMANA,0,,
KMAREN,0,,
KMN,0,,
KMNA,0,,
KMREN,0,,
KMRN,0,,
KMU,1,,
KNAL,3,,
KNAPA,-1,,
KNEW,1,,
KNICKS,1,,
KNO,1,,
KNOCKED,0,,
KNOW,1,,
KNOWN,1,,
KNOWS,1,,
KNOWW,0,,
KNOWWW,0,,
KNP,0,,
KNPA,0,,
KNW,1,,
KOBE,2,,
KOE,0,,
KOFFIE,3,,
KOG,1,,
KOK,1,,
KOMEN,1,,
KON,0,,
KONDANGAN,0,,
KONG,1,,
KONSER,0,,
KOOL,2,,
KOPI,1,,
KOQ,0,,
KOREA,1,,
KOREAN,1,,
KOSAN,0,,
KOSONG,0,,
KOST,0,,
KOTA,1,,
KOUD,-1,,
KPAN,0,,
KPN,0,,
KRN,1,,
KRNA,0,,
KSA,0,,
KSH,1,,
KTA,1,,
KTEMU,0,,
KTMU,0,,
KUAT,0,,
KUCING,0,,
KUDU,0,,
KUE,1,,
KUL,1,,
KULIAH,0,,
KUMPUL,1,,
KUNG,1,,
KURUS,0,,
KUT,-1,,
KUYA,2,,
KUYT,2,,
KYA,0,,
KYK,0,,
KYKNYA,0,,
KYLE,1,,
LAA,1,,
LAAA,0,,
LAAH,0,,
LAAT,1,,
LAATSTE,0,,
LACKADAISICAL,-2,,
LADIES,2,,
LADILLA,-1,,
LADO,1,,
LADS,2,,
LAEN,1,,
LAGGED,-2,,
LAGI,0,,
LAGII,0,,
LAGIII,0,,
LAGS,-2,,
LAGU,1,,
LAGUNYA,1,,
LAH,1,,
LAHH,0,,
LAHIR,2,,
LAID,1,,
LAIN,1,,
LAINNYA,2,,
LAKERS,2,,
LAKUKAN,1,,
LALA,1,,
LALU,1,,
LAM,2,,
LAMA2,0,,
LAME,-2,,
LAMPU,-1,,
LAN,1,,
LANCAR,3,,
LANGE,0,,
LANGGENG,3,,
LANGS,2,,
LANGSUNG,1,,
LANJUT,2,,
LAPAR,-1,,
LAPER,-1,,
LAPTOP,0,,
LARI,0,,
LAST,0,,
LASTIMA,-1,,
LASTNIGHT,1,,
LATE STRIKES,-1,,
LATELY,0,,
LATEN,1,,
LATER,1,,
LATEST,1,,
LATIAN,1,,
LATIHAN,1,,
LATTE,1,,
LAU,1,,
LAUGHED,1,,
LAUGHS,1,,
LAUGHTING,1,,
LAUNCHED,1,,
LAURA,1,,
LAUREN,1,,
LAWAN,1,,
LAWL,3,,
LAWSUITS,-2,,
LAYING,1,,
LBH,1,,
LBS,1,,
LEAKED,-1,,
LEAVES,0,,
LEAVIN,0,,
LEAVING,0,,
LEBAY,0,,
LEBIH,2,,
LEBRON,1,,
LED,1,,
LEEDS,1,,
LEGIT,1,,
LEH,0,,
LEJOS,-1,,
LEK,0,,
LEKKER,2,,
LEMES,-1,,
LEMME,2,,
LEMOT,-1,,
LENGKAP,0,,
LENT,1,,
LEO,1,,
LEPAS,1,,
LER,1,,
LEREN,0,,
LESS,1,,
LESSONS,1,,
LET,1,,
LETS,2,,
LETTING,1,,
LEUK,2,,
LEUKE,2,,
LEVAR,0,,
LEVEN,1,,
LEWAT,1,,
LGI,1,,
LGSG,0,,
LHA,0,,
LHO,1,,
LHOO,0,,
LIA,1,,
LIAM,1,,
LIARS,-3,,
LIAT,0,,
LIBRE,1,,
LIBUR,0,,
LIBURAN,0,,
LIED,-2,,
LIEF,2,,
LIES,1,,
LIEVE,1,,
LIFESAVER,4,,
LIG,1,,
LIGA,1,,
LIGAR,0,,
LIGGEN,1,,
LIGHTHEARTED,1,,
LIGHTS,1,,
LIGO,1,,
LIGT,0,,
LIHAT,1,,
LIKE,2,,
LIKED,2,,
LIKELY,1,,
LIKES,2,,
LIL,1,,
LIMITS,-1,sadness,
LINDA,2,,
LINDAS,1,,
LINDO,2,,
LINDOS,2,,
LINKS,1,,
LIPS,1,,
LISA,1,,
LISTA,2,,
LISTENED,2,,
LISTENIN,2,,
LISTENING,2,,
LISTO,2,,
LIT,1,,
LITTLE,1,,
LIV,1,,
LIVE,1,,
LIVE AMMUNITION,-1,,
LIVED,0,,
LIVELY,2,,
LIVERPOOL,2,,
LIVES,1,none,
LIVIN,2,,
LIZ,2,,
LLEGA,0,,
LLEGANDO,2,,
LLEGO,0,,
LLEGUE,1,,
LLEVO,0,,
LLORAR,-1,,
LLS,2,,
LLUVIA,1,,
LMAO,4,,
LMAOO,1,,
LMAOOO,1,,
LMBO,2,,
LMFAO,4,,
LMFAOO,1,,
LNG,1,,
LOADS,1,,
LOATHED,-3,,
LOATHES,-3,,
LOBBYING,-2,,
LOBSTER,2,,
LOCA,1,,
LOCKED,0,,
LOCO,0,,
LOE,1,,
LOGO,0,,
LOH,1,,
LOL,3,,
LOLA,1,joy,
LOLL,1,joy,
LOLLL,1,,
LOLOL,1,,
LOLS,2,joy,
LOLZ,1,joy,
LOMBA,1,,
LONDON,1,,
LONGER,0,,
LONGEST,0,,
LONGLAST,4,,
LOOK,1,,
LOOKED,1,,
LOOKIN,2,,
LOOKING,1,,
LOOL,2,joy,
LOOMED,-1,,
LOOONG,1,,
LOOOVE,3,,
LOOSES,-3,,
LOPEN,0,,
LOR,0,,
LOSER,-3,,
LOUIS,1,,
LOVED,3,,
LOVEE,3,,
LOVEEE,3,,
LOVELIES,3,,
LOVERS,2,,
LOVES,2,,
LOVIN,3,,
LOW,0,,
LUAR,1,,
LUCAS,1,,
LUCKILY,3,,
LUCU,2,,
LUCY,1,,
LUEGO,1,,
LUGAR,1,,
LUGUBRIOUS,-2,,
LUIS,1,,
LUKE,1,,
LULUS,2,,
LUMAYAN,2,,
LUNA,1,,
LUNATICS,-3,,
LUNES,0,,
LUPA,1,,
LURKS,-1,,
LUV,2,,
LUZ,0,,
LYK,0,,
LYRICS,2,,
MAACI,3,,
MAACIH,3,,
MAAF,0,,
MAAFIN,0,,
MAAFKAN,-1,,
MAAK,1,,
MAAKT,1,,
MA'AM,2,,
MAANDAG,1,,
MAAP,0,,
MAAV,0,,
MAC,1,,
MACAM,0,,
MACBOOK,0,,
MACET,0,,
MADDENING,-3,,
MADE,1,,
MADE-UP,-1,,
MADLY,-3,,
MADRE,1,,
MADRID,1,,
MADRUGADA,1,,
MAE,0,,
MAEN,0,,
MAG,1,,
MAGHRIB,2,,
MAGNUM,0,,
MAGRIB,2,,
MAH,0,,
MAHAL,0,,
MAI,0,,
MAK,0,,
MAKA,1,,
MAKAN,0,,
MAKAN2,2,,
MAKANAN,0,,
MAKANYA,0,,
MAKASI,4,,
MAKASIH,4,,
MAKASIHH,4,,
MAKASII,4,,
MAKASIIH,4,,
MAKEN,1,,
MAKES,1,,
MAKESHIFT MORGUE,-1,,
MAKIN,1,,
MAKING,1,,
MAKSUD,1,,
MAKSUDNYA,1,,
MAL,-1,,
MALA,0,,
MALAH,-1,,
MALAM,1,,
MALANG,1,,
MALAS,0,,
MALAYSIA,1,,
MALDITA,-1,,
MALDITO,-1,,
MALEM,1,,
MALES,-1,,
MALMING,0,,
MALO,0,,
MALU,1,,
MAM,1,,
MAMA,1,,
MAMAH,0,,
MAMI,1,,
MAMPIR,1,,
MANA,1,,
MANAGED,1,,
MANANA,1,,
MANCHESTER,1,,
MANDA,1,,
MANDAR,1,,
MANDATORY,-1,,
MANDE,1,,
MANDEI,1,,
MANDI,1,,
MANDO,1,,
MANEH,0,,
MANG,1,,
MANGGIL,1,,
MANHA,0,,
MANIPULATED,-1,,
MANIPULATING,-1,,
MANIS,2,,
MANN,0,,
MANNN,0,,
MANO,0,,
MANTAN,1,,
MANTAP,2,,
MANU,1,,
MANUSIA,1,,
MANY,1,,
MAO,0,,
MARA,1,,
MARAH,0,,
MARATHON,2,,
MARCO,1,,
MARDI,1,,
MARET,1,,
MARI,2,,
MARIA,1,,
MARIO,2,,
MARKETING,1,,
MARS,1,,
MARTES,0,,
MARTIAL LAW,-1,,
MARTIN,2,,
MARVELS,3,,
MARY,1,,
MARZO,1,,
MASA,0,,
MASAK,1,,
MASALAH,1,,
MASAMA,4,,
MASI,0,,
MASIH,0,,
MASSA,1,,
MASTERPIECES,4,,
MASUK,0,,
MATA,0,,
MATANYA,1,,
MATAR,0,,
MATES,1,,
MATH,0,,
MATHS,0,,
MATI,-1,,
MATT,1,,
MATTERS,1,,
MAUNYA,0,,
MAUU,0,,
MAUUU,0,,
MAX,1,,
MAY,1,,
MAYA,1,,
MBA,1,,
MBAH,1,,
MBAK,2,,
MBK,1,,
MCD,1,,
MCDONALD,1,,
MCDONALDS,1,,
MCFLY,0,,
MCM,0,,
MEAN,1,,
MEANINGFUL,2,,
MEANT,1,,
MEDAN,1,,
MEDIO,0,,
MEDO,-1,,
MEDS,0,,
MEE,1,,
MEEE,1,,
MEER,0,,
MEETINGS,0,,
MEGA,1,,
MEGAN,1,,
MEH,0,,
MEI,1,,
MEIO,0,,
MEJOR,2,,
MEJORES,2,,
MEL,1,,
MELBOURNE,1,,
MELHOR,1,,
MELIHAT,1,,
MEMANG,1,,
MEMBERS,1,,
MEMBUAT,1,,
MEMORIES,1,,
MENACED,-2,anger,
MENANG,2,,
MENARIK,3,,
MENCARI,2,,
MENCOBA,2,,
MENDADAK,-1,,
MENDINGAN,1,,
MENDUNG,0,,
MENGERTI,1,,
MENIKMATI,2,,
MENINA,0,,
MENINAS,1,,
MENINGGAL,-1,,
MENJADI,2,,
MENSAJE,1,,
MENSEN,1,,
MENTIONED,2,,
MENTIONS,1,,
MENTIRA,0,,
MENUJU,2,,
MENUNGGU,1,,
MENURUT,2,,
MENYENANGKAN,2,,
MERAH,0,,
MERASA,1,,
MERAYAKAN,4,,
MERCI,5,,
MERDA,-1,,
MERECE,0,,
MEREKA,1,,
MESES,0,,
MESSAGES,1,,
MESSED,-2,,
MESSING UP,-2,,
MESTI,0,,
METRO,1,,
MEXICAN,2,,
MEXICO,1,,
MGA,1,,
MGKN,1,,
MIA,1,,
MIAMI,1,,
MICH,1,,
MICHELLE,1,,
MICHIGAN,1,,
MICKEY,1,,
MIDTERM,0,,
MIE,0,,
MIEDO,-1,,
MIERDA,0,,
MIGHT,1,,
MIGRAINE,-2,,
MII,0,,
MIJN,1,,
MIKIRIN,0,,
MIL,1,,
MILAN,1,,
MILES,1,,
MILEY,2,,
MILKSHAKE,1,,
MILLER,2,,
MILLIONS,2,,
MIMI,0,,
MIMIMI,-4,,
MIMPI,0,,
MINDER,0,,
MINDLESS,-2,,
MINDS,2,,
MINES,1,,
MINGGU,1,,
MINGGUAN,1,,
MINI,1,,
MINS,1,,
MINTA,1,,
MINUM,0,,
MINUS,0,,
MINUTEN,1,,
MINUTES,0,,
MINUTOS,0,,
MIRA,1,,
MIRIP,1,,
MIRTHFUL,3,,
MIRTHFULLY,3,,
MISBEHAVED,-2,,
MISBEHAVES,-2,,
MISBEHAVING,-2,,
MISCHIEFS,-1,,
MISGIVING,-2,,
MISINFORMATION,-2,,
MISINTERPRETED,-2,,
MISMA,1,,
MISREAD,-1,,
MISREPORTING,-2,,
MISSCHIEN,1,,
MISSED,-2,,
MISSES,0,,
MISSIN,-1,,
MISSS,-1,,
MISTAKES,-2,,
MISTAKING,-2,,
MISUNDERSTANDS,-2,,
MISUNDERSTOOD,-2,,
MIXTAPE,2,,
MKAN,0,,
MKASIH,4,,
MKN,0,,
MKSH,3,,
MKSIH,3,,
MLM,1,,
MLS,0,,
MMG,1,,
MMM,2,,
M'N,0,,
MNA,1,,
MNTA,1,,
MOANED,-2,,
MOANING,-2,,
MOANS,-2,,
MOBIL,0,,
MOCK,-2,,
MOCKED,-2,,
MOCKS,-2,,
MODEM,0,,
MOE,0,,
MOET,0,,
MOETEN,0,,
MOGA,2,,
MOHON,2,,
MOM,1,,
MOMENTO,0,,
MOMENTOS,0,,
MOMENTS,1,,
MOMMA,2,,
MOMMY,1,,
MOMS,1,,
MONDAY,1,,
MONDAYS,0,,
MONGERING,-2,,
MONICA,2,,
MONOPOLIZE,-2,,
MONOPOLIZES,-2,,
MONOPOLIZING,-2,,
MONSTERS,2,,
MONTANA,1,,
MONTHS,1,,
MONTREAL,1,,
MOOD,1,,
MOOI,3,,
MOOIE,2,,
MOPE,-1,,
MOPING,-1,,
MORGAN,1,,
MORIR,0,,
MORNIN,2,,
MORNINGG,3,,
MORNINGGG,3,,
MORNINGS,1,,
MORRENDO,-1,,
MOSTLY,1,,
MOTHERFUCKER,-5,,
MOTHERFUCKING,-5,,
MOTHERS,1,,
MOTIVATE,1,,
MOTIVATED,2,,
MOTIVATING,2,,
MOTIVATION,1,,
MOURNED,-2,,
MOURNS,-2,sadness,
MOVED,1,,
MOVES,2,,
MOVIES,2,,
MPE,0,,
MRS,1,,
MSG,1,,
MSH,0,,
MSIH,0,,
MSK,0,,
MSM,0,,
MSN,0,,
MSUK,0,,
MTK,1,,
MTO,0,,
MTV,1,,
MUAH,2,,
MUCH,1,,
MUCHA,0,,
MUCHAS,2,,
MUCHO,1,,
MUDA,1,,
MUDAH,2,,
MUDAH2AN,2,,
MUERO,-1,,
MUFFIN,1,,
MUJER,1,,
MULAI,0,,
MULHER,1,,
MULU,-1,,
MUMPISH,-2,,
MUMPUNG,1,,
MUMS,1,,
MUNA,2,,
MUNCUL,0,,
MUNDO,0,,
MUNGKIN,1,,
MURAH,1,,
MURDERS,-2,,
MUSICA,1,,
MUSICAS,1,,
MUSIK,2,,
MUST,1,,
MUUUITO,0,,
MUZIEK,1,,
MWAH,2,,
MYSPACE,1,,
MYY,1,,
N00B,-2,,
NA¥VE,-2,,
NAA,0,,
NAAA,1,,
NACHT,2,,
NAD,1,,
NADA,0,,
NADIE,0,,
NAEK,0,,
NAH,1,,
NAHH,1,,
NAILS,1,,
NAK,0,,
NALANG,1,,
NAMAN,1,,
NAMANYA,1,,
NAMBAH,1,,
NAMES,1,,
NAMORADO,-1,,
NAN,1,,
NANGIS,-1,,
NANTI,1,,
NANYA,1,,
NASHVILLE,1,,
NASIB,-1,,
NATALIE,2,,
NATHAN,1,,
NATURAL,1,,
NATUURLIJK,2,,
NCAA,2,,
NDAK,0,,
NDUT,0,,
NEAR,1,,
NEARLY,0,,
NECESITO,-1,,
NEED,0,,
NEEDED,2,,
NEEE,-1,,
NEEM,0,,
NEGATIVITY,-2,,
NEGLECTS,-2,,
NEIGHBORS,0,,
NEITHER,0,,
NEMENIN,1,,
NEMU,0,,
NENA,1,,
NENE,1,,
NENEK,1,,
NENG,1,,
NERD,1,,
NERVOUSLY,-2,,
NESSA,0,,
NETA,0,,
NETFLIX,1,,
NEVA,0,,
NEVER,1,,
NEVERMIND,1,,
NEWCASTLE,1,,
NEWEST,2,,
NEXT,1,,
NGAK,0,,
NGAKAK,1,,
NGAMBEK,0,,
NGANTUK,0,,
NGAPA,0,,
NGASIH,1,,
NGELIAT,0,,
NGERASA,0,,
NGERJAIN,1,,
NGERTI,0,,
NGETWEET,1,,
NGGA,0,,
NGIDAM,-1,,
NGINEP,0,,
NGOBROL,1,,
NGOMONG,0,,
NGOMONGIN,0,,
NGUCAPIN,1,,
NGUMPUL,0,,
NIAN,0,,
NIAT,0,,
NICE,3,,
NICEEE,3,,
NICELY,2,,
NICER,1,,
NICEST,2,,
NICH,0,,
NICKI,1,,
NICOLE,2,,
NIEMAND,-1,,
NIETS,0,,
NIEUWE,2,,
NIFTY,2,,
NIGGA,1,,
NIGGAS,-5,,
NIGHTS,1,,
NIGHTTT,2,,
NIGHTY,2,,
NIHH,0,,
NIIH,0,,
NIKAH,1,,
NIKKI,2,,
NIKS,0,,
NILAI,1,,
NINA,1,,
NINE,1,,
NINGUEM,-2,,
NINJA,2,,
NITE,2,,
NITIP,1,,
NIVER,1,,
NNTI,1,,
NNTN,0,,
NNTON,0,,
NO,-1,,
NOBODY,0,,
NOCH,1,,
NOCHE,1,,
NOCHES,3,,
NODIG,1,,
NOITE,2,,
NOKIA,1,,
NOMBRE,1,,
NOMER,1,,
NONE,0,,
NONGOL,1,,
NONTON,0,,
NOOB,-2,,
NOODLES,1,,
NOOIT,0,,
NOONE,0,,
NOOO,-1,,
NOPE,1,,
NORMALLY,1,,
NORTH,1,,
NOSEY,-2,,
NOT WORKING,-3,,
NOTA,0,,
NOTES,0,,
NOTHIN,-1,,
NOTHING,-1,,
NOTORIOUS,-2,,
NOVA,1,,
NOVEL,2,,
NOVELA,1,,
NOVEMBER,1,,
NOVIA,0,,
NOVIO,0,,
NOWHERE,0,,
NOWW,1,,
NOWWW,1,,
NTAR,1,,
NUCLEAR,1,,
NUESTRA,1,,
NUESTRO,1,,
NUEVA,2,,
NUEVO,1,,
NUGGETS,1,,
NULIS,1,,
NUMERO,1,,
NUMPANG,1,,
NUNCA,0,,
NUNGGU,0,,
NUNGGUIN,0,,
NUTELLA,1,,
NYAA,1,,
NYAAA,1,,
NYADAR,0,,
NYAMAN,1,,
NYAMPE,1,,
NYANYI,1,,
NYEPI,3,,
NYESEK,-1,,
NYESEL,-1,,
NYOKAP,0,,
NYUSUL,1,,
O/,1,,
O_O,1,,
OALAH,1,,
OBAMA,0,,
OBAT,0,,
OBG,3,,
OBRIGADA,2,,
OBRIGADO,3,,
OBSESSED,2,,
OBSOLETE,-2,,
OBSTACLES,-2,,
OBVIO,1,,
OBVIOUSLY,1,,
O'CLOCK,1,,
OCTOBER,1,,
ODD,-2,,
ODEIO,-1,,
ODIO,-1,,
OFCOURSE,2,,
OFFENDING,-2,,
OFFENDS,-2,,
OFFICIALLY,1,,
OFFLINE,-1,,
OFTEN,1,,
OHAHA,3,,
OHEHE,3,,
OHH,1,,
OHHH,1,,
OHIO,1,,
OIA,2,,
OIE,2,,
OII,2,,
OIII,2,,
OIYA,1,,
OJALA,1,,
OJO,0,,
OJOS,0,,
OKAAAY,2,,
OKAAY,2,,
OKAY,2,,
OKAYY,2,,
OKAYYY,2,,
OKE,2,,
OKEDEH,3,,
OKEE,2,,
OKEEE,2,,
OKEH,2,,
OKEOKE,2,,
OKEY,2,,
OKIE,3,,
OKK,2,,
OKOK,2,,
OKS,2,,
OLA,2,,
OLAHRAGA,1,,
OLD,1,,
OLEH,1,,
OLEH2,1,,
OLHA,1,,
OLSUN,2,,
OLVIDO,-1,,
OMDAT,0,,
OMFG,0,,
OMG,0,,
OMGGG,0,,
OMW,2,,
ONCE-IN-A-LIFETIME,3,,
ONDA,1,,
ONDER,1,,
ONDERWEG,2,,
ONES,1,,
ONLINE,1,,
ONN,1,,
ONO,0,,
ONTBIJTEN,2,,
ONTEM,0,,
ONTO,1,,
ONZE,1,,
OOH,2,,
OOHH,1,,
OOI,3,,
OOO,1,,
OOOH,1,,
OOOHHH,1,,
OOOI,3,,
OOPS,1,,
OOVOO,1,,
OPA,1,,
OPEN LETTER,-1,,
OPENED,1,,
OPO,1,,
OPPA,1,,
OPPORTUNITIES,2,,
OPPRESSED,-2,,
OPS,1,,
OPTIONLESS,-2,,
OPTOCHT,2,,
ORANG,1,,
ORANGNYA,1,,
ORDERED,2,,
ORDERING,1,,
ORG,1,,
ORIGINAL,1,,
ORKUT,1,,
ORLANDO,1,,
ORLEANS,1,,
ORNG,1,,
OSCAR,2,,
OSEA,0,,
OTAK,0,,
OTHERS,1,,
OTHERWISE,1,,
OTRA,0,,
OTW,2,,
OUCH,-1,,
OUDERS,0,,
OUI,2,,
OUT OF CONTROL,-3,,
OUTMANEUVERED,-2,,
OUTRA,0,,
OUTRAGED,-3,,
OUTREACH,2,,
OUTSIDE,0,,
OUTTA,1,,
OUVINDO,1,,
OUVIR,0,,
OVA,1,,
OVERALL,2,,
OVERLOOKED,-1,,
OVERREACT,-2,,
OVERREACTED,-2,,
OVERREACTION,-2,,
OVERREACTS,-2,,
OVERSELLING,-2,,
OVERSELLS,-2,,
OVERSIMPLIFICATION,-2,,
OVERSIMPLIFIED,-2,,
OVERSIMPLIFIES,-2,,
OVERSIMPLIFY,-2,,
OVERSTATEMENT,-2,,
OVERSTATEMENTS,-2,,
OVERWEIGHT,-1,,
OWH,1,,
OWL,1,,
OWW,0,,
OWWW,0,,
OYA,1,,
OYE,1,,
P.S,2,,
P.S.,2,,
PAAR,1,,
PACAR,1,,
PACARAN,1,,
PACARKU,1,,
PACARMU,1,,
PACARNYA,2,,
PACKED,1,,
PACKING,1,,
PADAHAL,-1,,
PADANG,1,,
PAG,1,,
PAGES,0,,
PAGI,2,,
PAGI2,0,,
PAGII,3,,
PAI,0,,
PAID,1,,
PAIS,0,,
PAK,1,,
PAKAI,1,,
PAKE,1,,
PAKET,0,,
PALA,0,,
PALABRAS,1,,
PALING,1,,
PANA,0,,
PANAS,0,,
PANCAKES,2,,
PANDA,1,,
PANDORA,2,,
PANGGIL,1,,
PANICKED,-3,,
PANICS,-3,,
PANJANG,1,,
PANTAI,1,,
PANTES,1,,
PANTESAN,0,,
PAPA,1,,
PAPAS,0,,
PAPERS,0,,
PAPI,1,,
PARADISE,3,,
PARAH,-1,,
PARAMORE,0,,
PARAR,0,,
PARDONED,2,,
PARDONING,2,,
PARDONS,2,,
PARECE,1,,
PARENTS,1,,
PARIS,1,,
PARKING,0,,
PARLEY,-1,,
PARTIDO,1,,
PARTIES,1,,
PARTYING,1,,
PASA,0,,
PASADO,0,,
PASANDO,0,,
PASAR,0,,
PASE,1,,
PASO,0,,
PASSA,1,,
PASSANDO,0,,
PASSAR,0,,
PASSED,0,,
PASSES,1,,
PASSIVELY,-1,,
PASSWORD,0,,
PASTA,1,,
PASTI,1,,
PASTINYA,2,,
PATAH,-1,,
PATRICK,1,,
PATTY,1,,
PAU,1,,
PAUL,1,,
PAYAH,-1,,
PAYING,1,,
PAZ,1,,
PCR,0,,
PDA,0,,
PDHAL,-1,,
PDHL,-1,,
PEACEFULLY,2,,
PEANUT,1,,
PEDI,1,,
PEDIR,1,,
PEDO,0,,
PEDULI,1,,
PEE,0,,
PEGA,0,,
PEGEL,-1,,
PEGI,0,,
PELAJARAN,1,,
PELI,1,,
PELICULA,1,,
PELIT,0,,
PELUK,0,,
PENA,0,,
PENASARAN,1,,
PENDEK,1,,
PENGEN,-1,,
PENIS,1,,
PENSANDO,0,,
PENSAR,0,,
PENSE,0,,
PENTING,1,,
PENUH,1,,
PENYAKIT,0,,
PEOPLES,0,,
PEOR,-1,,
PERASAAN,0,,
PERCAYA,1,,
PERDER,0,,
PERDI,-2,,
PERDON,-1,,
PERFECTED,2,,
PERFECTO,2,,
PERFECTS,2,,
PERFORMING,2,,
PERHAPS,2,,
PERHATIAN,1,,
PERIH,-2,,
PERJALANAN,1,,
PERLU,1,,
PERNAH,1,,
PERPETRATORS,-2,,
PERRY,2,,
PERSECUTED,-2,,
PERSECUTES,-2,,
PERSECUTING,-2,,
PERSONALLY,2,,
PERSONAS,0,,
PERTAMA,1,,
PERTURBED,-2,,
PERUT,-1,,
PESKY,-2,,
PESSIMISTIC,-2,,
PESSOA,0,,
PESSOAL,2,,
PETE,1,,
PETER,1,,
PFF,-1,,
PFFF,-1,,
PGEN,-1,,
PGI,1,,
PGN,-1,,
PHEW,2,,
PHIL,1,,
PHILIPPINES,1,,
PHILLY,1,,
PHOBIC,-2,,
PHONES,0,,
PHOTOS,1,,
PHOTOSHOOT,2,,
PHOTOSHOP,1,,
PIC,2,,
PICS,1,,
PICTURES,1,,
PIECE,1,,
PIECES,1,,
PIENSO,0,,
PIERCED,1,,
PIERCING,0,,
PIES,0,,
PIJN,-2,,
PIKIRAN,1,,
PILEK,-2,,
PILEUP,-1,,
PILIH,1,,
PILLS,0,,
PINCHE,-1,,
PINDAH,0,,
PINGIN,-1,,
PINJEM,1,,
PINTAR,1,,
PINTER,2,,
PINTU,0,,
PIOR,-1,,
PIQUED,-2,,
PISAN,0,,
PISS,-4,,
PISSED,-4,,
PISSING,-3,,
PITEOUS,-2,,
PITIED,-1,,
PIZZA,1,,
PKE,0,,
PLACES,1,,
PLANES,0,,
PLANS,1,,
PLAYED,1,,
PLAYERS,1,,
PLAYIN,1,,
PLAYING,1,,
PLAYLIST,2,,
PLAYOFFS,1,,
PLAYS,2,,
PLEASE,1,,
PLEASEE,1,,
PLEASEEE,1,,
PLEASURE,3,,
PLEZIER,3,,
PLG,0,,
PLIS,0,,
PLISS,0,,
PLNG,0,,
PLS,1,,
PLUS,1,,
PLZ,1,,
PNGEN,-1,,
PNGN,0,,
PNY,1,,
PNYA,0,,
POBRE,-1,,
PODCAST,2,,
PODRE,-1,,
POINTS,1,,
POISED,-2,,
POISONS,-2,,
POKEMON,1,,
POKOKNYA,1,,
POLLUTERS,-2,,
PON,1,,
PONE,0,,
PONG,1,,
POO,0,,
POOR,-2,sadness,
POORER,-2,,
POOREST,-2,,
POPCORN,1,,
POPPIN,2,,
POPS,2,,
PORFA,1,,
PORFAVOR,0,,
PORQ,1,,
PORRA,-1,,
PORTLAND,1,,
POS,1,,
POSITIVE,2,,
POSITIVELY,2,,
POSSESSIVE,-2,,
POSSIBLE,1,,
POSTED,2,,
POSTERS,1,,
POSTING,1,,
POSTPONES,-1,,
POSTPONING,-1,,
POSTS,1,,
POTATO,1,,
POTATOES,2,,
POTONG,0,,
POUCO,1,,
POUNDS,1,,
POURING,0,,
POWER,1,,
PPL,1,,
PQP,-2,,
PRAIA,1,,
PRAISES,3,,
PRAISING,3,,
PRAKTEK,1,,
PRAYERS,1,,
PRAYING,1,,
PRAYS,1,,
PRBLM,-2,,
PRBLMS,-2,,
PRE,1,,
PRECISO,-1,,
PREGNANT,1,,
PREMIERE,1,,
PREMIOS,1,,
PREP,1,,
PRESENTE,1,,
PRESENTS,2,,
PRESSURED,-2,,
PRETENDS,-1,,
PREVENTED,-1,,
PREVENTING,-1,,
PREVENTS,-1,,
PREVIEW,1,,
PRICES,0,,
PRIMA,1,,
PRIMEIRO,1,,
PRIMERA,1,,
PRISONERS,-2,,
PRIZE,2,,
PRNH,0,,
PRO,1,,
PROACTIVE,2,,
PROB,1,,
PROBABLY,1,,
PROBLEMA,0,,
PROBLEMAS,0,,
PROBLEMS,-2,,
PROBS,1,,
PRODUCTS,1,,
PROF,1,,
PROFITEER,-2,,
PROGRAMA,1,,
PROJECTS,1,,
PROLLY,1,,
PROM,1,,
PROMINENT,2,,
PROMISED,1,,
PROMISES,1,,
PROMO,1,,
PROMOTED,1,,
PROMOTES,1,,
PROMOTING,1,,
PRONTO,1,,
PROPERLY,0,,
PROSECUTED,-2,,
PROSECUTES,-1,,
PROSPECTS,1,,
PROTECTS,1,,
PROTESTERS,-2,,
PROTESTING,-2,,
PROTESTS,-2,,
PROUDLY,2,,
PROVA,0,,
PROVOKE,-1,,
PROVOKED,-1,,
PROVOKES,-1,,
PROXIMA,0,,
PS3,1,,
PSEUDOSCIENCE,-3,,
PST,1,,
PSTI,1,,
PUAS,1,,
PUASA,1,,
PUDE,-1,,
PUEDA,0,,
PUEDES,1,,
PUERTO,1,,
PUES,1,,
PUJI,3,,
PULA,0,,
PULANG,0,,
PULLED,0,,
PULLING,1,,
PULSA,0,,
PUMPED,2,,
PUNCAK,0,,
PUNISHES,-2,,
PUNTO,1,,
PUNYA,1,,
PURA,1,,
PURE,1,,
PURO,0,,
PUSE,0,,
PUSHY,-1,,
PUSING,-1,,
PUTA,0,,
PUTIH,1,,
PUTRI,2,,
PUTTING,1,,
PUTUS,0,,
PWEDE,1,,
QIERO,-1,,
QTA,1,,
QUAKING,-2,,
QUANTO,0,,
QUASE,0,,
QUEDA,0,,
QUEDE,-1,,
QUEDO,0,,
QUEE,0,,
QUEEE,0,,
QUEREMOS,1,,
QUERER,0,,
QUERIDA,2,,
QUERIDO,1,,
QUESTIONED,-1,fear,
QUESTIONS,1,,
QUICK,1,,
QUIERAS,2,,
QUIERE,0,,
QUIEREN,0,,
QUIERES,1,,
QUIEROO,0,,
QUISER,2,,
QUISIERA,-1,,
QUITE,1,,
QUOI,2,,
QUOTES,2,,
R.I.P,-2,,
RABU,1,,
RACHEL,1,,
RACING,1,,
RACISM,-3,,
RACIST,-3,,
RACISTS,-3,,
RAD,2,,
RADA,1,,
RAFAEL,1,,
RAGEFUL,-2,anger,
RAINBOW,2,,
RAINING,0,,
RAINS,0,,
RAIVA,-1,,
RAJIN,2,,
RAMBUT,0,,
RAME,0,,
RAN,0,,
RANDOM,2,,
RANGE,1,,
RANGO,2,,
RANTER,-3,,
RANTERS,-3,,
RANTS,-3,,
RAPAT,0,,
RAPIDO,0,,
RAPIST,-4,,
RAPTURED,2,,
RAPTURES,2,,
RAPTUROUS,4,,
RARE,1,,
RARO,0,,
RASA,1,,
RATHER,1,,
RATIFIED,2,,
RATO,1,,
RAW,1,,
RAYA,4,,
RAZON,1,,
REACHED,1,,
REACHES,1,,
REACHING,1,,
REACTION,1,,
REALIDAD,0,,
REALISE,0,,
REALISED,0,,
REALIZE,1,,
REALIZED,0,,
REALLLY,0,,
REALLY,0,,
REALMENTE,0,,
REASSURES,1,,
RECEIVE,1,,
RECENTLY,1,,
RECIEN,1,,
RECKON,2,,
RECOMMENDED,2,,
RECOMMENDS,2,trust,
RECORDED,1,,
RECOVER,0,,
RED LINE,-2,,
RED LINES,-2,,
REDS,2,,
REGARDLESS,2,,
REGRESO,1,,
REGRETFUL,-2,,
REGRETS,-2,,
REHAB,-1,,
REJECTING,-1,,
REJOICED,4,,
REJOICES,4,,
REK,0,,
RELA,1,,
RELAX,2,,
RELAXING,2,,
RELENTLESS,-1,,
RELIANT,2,,
RELIEVE,1,,
RELIEVED,2,,
RELIEVES,1,,
RELISHING,2,,
REMINDED,1,,
REMINDS,1,,
REMIX,2,,
REN,1,,
RENANG,0,,
RENCANA,1,,
REP,1,,
REPLAY,1,,
REPLIED,1,,
REPLIES,0,,
REPLYING,1,,
REPRESSIONS,-3,,
REPULSE,-1,,
REPULSED,-2,,
RESCUED,2,,
RESCUES,2,,
RESIGNING,-1,,
RESIGNS,-1,,
RESOLVES,2,,
RESOLVING,2,,
RESPONDE,-1,,
RESPONDER,0,,
RESTLESS,-2,,
RESTO,1,,
RESTORE,1,,
RESTORES,1,,
RESTRICTING,-2,,
RESTRICTS,-2,,
RESULTS,1,,
RETAINED,-1,,
RETARDED,-2,,
RETREAT,-1,,
RETURNED,1,,
RETWEET,1,,
RETWEETED,2,,
REVENGEFUL,-2,anger,
REVERED,2,,
REVIEWS,1,,
REVISING,-1,,
REVIVES,2,,
REWARDED,2,,
REWARDING,2,,
REWARDS,2,,
RHETORICALLY,-1,,
RIA,1,,
RIBET,0,,
RIBS,1,,
RICA,2,,
RICH,2,,
RICHARD,1,,
RICHTING,2,,
RICKY,1,,
RICO,2,,
RIEN,2,,
RIGGED,-1,,
RIGHT,1,,
RIGHT DIRECTION,3,,
RIGHT NOW,0,,
RIGOROUSLY,2,,
RIHANNA,1,,
RIN,1,,
RINDU,0,,
RIO,1,,
RIOTS,-2,,
RIP,-1,,
RISA,1,,
RISKS,-2,,
RMH,0,,
ROBED,-2,,
ROBERT,1,,
ROBIN,1,,
ROBING,-2,,
ROBS,-2,,
ROCKED,2,,
ROCKIN,3,,
ROCKING,2,,
ROFL,4,,
ROFLCOPTER,4,,
ROFLMAO,4,,
ROLA,1,,
ROLLS,1,,
ROMANTIS,2,,
RON,1,,
ROOMIE,1,,
ROOMMATE,1,,
ROSA,1,,
ROSES,2,,
ROSS,1,,
ROTFL,4,,
ROTFLMFAO,4,,
ROTFLOL,4,,
ROTI,1,,
RSRS,1,,
RUA,1,,
RUDE,0,,
RUGBY,1,,
RUIM,-1,,
RUINING,-2,,
RUMAH,0,,
RUMBO,2,,
RUN,1,,
RUNS,1,,
RUSAK,-1,,
RUSSIAN GAS,-1,,
RUSTIG,1,,
RYAN,1,,
S/O,4,,
SAAT,1,,
SAATNYA,2,,
SABADO,1,,
SABAR,1,,
SABI,2,,
SABIA,0,,
SABTU,-1,,
SACO,-1,,
SAD,-2,,
SADAR,1,,
SADDEN,-2,,
SADDENED,-2,,
SAFELY,1,,
SAHABAT,1,,
SAI,0,,
SAIA,0,,
SAID,1,,
SAINDO,1,,
SAIR,0,,
SAIU,-1,,
SAJA,1,,
SAKA,3,,
SAKE,0,,
SAKIT,-1,,
SAKITNYA,-1,,
SALA,0,,
SALAH,0,,
SALAM,3,,
SALAMAT,3,,
SALES,1,,
SALGO,0,,
SALI,0,,
SALIENDO,1,,
SALING,2,,
SALIO,0,,
SALIR,0,,
SALSA,1,,
SALUDO,1,,
SALUDOS,3,,
SALUT,3,,
SALVADOR,0,,
SAM,1,,
SAMAAA,-1,,
SAMASAMA,4,,
SAMA-SAMA,4,,
SAMBIL,2,,
SAMPAI,1,,
SAN,1,,
SANA,1,,
SANDWICH,1,,
SANG,2,,
SANGAT,1,,
SANTA,1,,
SANTAI,1,,
SANTANA,1,,
SANTOS,1,,
SAO,0,,
SAPA,1,,
SAR,1,,
SARAH,1,,
SARAN,2,,
SARAP,2,,
SARAPAN,1,,
SARCASTIC,-2,,
SAT,1,,
SATNITE,1,,
SATURDAYS,1,,
SAUDADE,-2,,
SAUDADES,-1,,
SAUSAGE,1,,
SAVED,2,,
SAW,0,,
SAY,0,,
SAYAAANG,0,,
SAYAANG,0,,
SAYANG,0,,
SAYANGG,0,,
SAYIN,0,,
SAYING,0,,
SAYS,0,,
SBAR,1,,
SBB,1,,
SBLM,1,,
SBR,1,,
SBY,1,,
SCAM,-2,,
SCAMS,-2,,
SCANDALS,-3,,
SCAPEGOATS,-2,,
SCARED,-2,,
SCARY,-2,,
SCENES,1,,
SCHATJE,0,,
SCHEDULE,1,,
SCHON,1,,
SCHOOLS,1,,
SCHOOOL,0,,
SCORED,1,,
SCORNFUL,-2,,
SCOTLAND,1,,
SCOTTY,2,,
SCREAMED,-2,,
SCREAMS,-2,,
SCREW,0,,
SCREWED UP,-3,,
SCUMBAG,-4,,
SDH,1,,
SEAN,1,,
SEAS,1,,
SEASONS,1,,
SEATS,1,,
SEATTLE,1,,
SEBEL,-1,,
SEBELAH,0,,
SEBENERNYA,0,,
SEBENTAR,1,,
SEBUAH,2,,
SEC,1,,
SECOND,0,,
SECONDS,0,,
SECTION,1,,
SECURE,2,,
SECURED,2,,
SECURES,2,,
SEDANG,1,,
SEDIH,-1,,
SEDIKIT,1,,
SEDITIOUS,-2,,
SEDUCED,-1,,
SEEE,1,,
SEEIN,1,,
SEEING,1,,
SEEM,0,,
SEEMED,0,,
SEEMS,0,,
SEEN,1,,
SEES,1,,
SEGALA,1,,
SEGERA,2,,
SEGINI,0,,
SEGUE,2,,
SEGUI,2,,
SEGUIDORES,1,,
SEGUINDO,4,,
SEGUIR,1,,
SEGUNDA,0,,
SEGUNDO,1,,
SEGURO,1,,
SEH,0,,
SEHARIAN,0,,
SEHAT,2,,
SEJAK,1,,
SEK,1,,
SEKALI,0,,
SEKALIAN,1,,
SEKARANG,1,,
SEKOLAH,1,,
SEL,1,,
SELAIN,1,,
SELALU,1,,
SELAMA,1,,
SELAMAT,3,,
SELASA,1,,
SELESAI,1,,
SELF,1,,
SELF-CONFIDENT,2,,
SELLING,1,,
SEMAKIN,1,,
SEMALAM,0,,
SEMALEM,0,,
SEMANA,1,,
SEMANAS,0,,
SEMANGAT,2,,
SEMARANG,1,,
SEMBUH,1,,
SEMESTER,1,,
SEMI,1,,
SEMINGGU,0,,
SEMOGA,2,,
SEMPET,0,,
SEMPURNA,2,,
SEMUAAA,1,,
SEMUANYA,1,,
SENANG,2,,
SENANGNYA,2,,
SENDING,1,,
SENDIRI,0,,
SENEN,0,,
SENENG,2,,
SENI,2,,
SENIN,1,,
SENTENCED,-2,,
SENTENCES,-2,,
SENTI,-1,,
SENTINDO,-1,,
SENTIR,-1,,
SENYUM,2,,
SENYUMAN,3,,
SEORANG,1,,
SEPATU,0,,
SEPEDA,0,,
SEPERTI,1,,
SEPERTINYA,0,,
SEPI,-1,,
SEPTEMBER,1,,
SERA,0,,
SEREM,-1,,
SERIA,1,,
SERIE,1,,
SERING,1,,
SERIO,0,,
SERIOUS,0,,
SERIOUSLY,0,,
SERIUS,0,,
SERU,1,,
SERVER,0,,
SERVICES,1,,
SESEORANG,1,,
SESH,2,,
SESUATU,1,,
SETAN,0,,
SETELAH,1,,
SETENGAH,0,,
SETIA,2,,
SETTING,1,,
SETUJU,2,,
SEUS,1,,
SEVEN,1,,
SEVERE,-2,,
SEXTA,1,,
SGT,1,,
SHA,1,,
SHAKY TRUCE,-1,,
SHALAT,3,,
SHALL,2,,
SHAMED,-2,,
SHANE,0,,
SHARED,0,,
SHARES,0,,
SHARING,2,,
SHAWTY,3,,
SHEETS,1,,
SHES,1,,
SHHH,1,,
SHINEE,2,,
SHIRTS,1,,
SHITHEAD,-4,,
SHITTY,-3,,
SHO,1,,
SHOCKED,-2,,
SHOCKING,-2,,
SHOCKS,-2,,
SHOES,1,,
SHOLAT,2,,
SHOPPIN,2,,
SHOPS,1,,
SHORTAGES,-2,,
SHORT-SIGHTED,-2,,
SHORT-SIGHTEDNESS,-2,,
SHOTS,-2,,
SHOULDA,0,,
SHOULD'VE,0,,
SHOUTOUT,3,,
SHOUTOUTS,3,,
SHOWED,1,,
SHOWERS,0,,
SHOWS,1,,
SHREW,-4,,
SHUD,1,,
SHY,-1,,
SHYT,0,,
SIAL,-1,,
SIANG,1,,
SIAP,1,,
SIAP2,1,,
SIAPA,1,,
SIARAN,1,,
SIBUK,0,,
SIDO,0,,
SIEMPRE,1,,
SIENTE,1,,
SIENTO,-1,,
SIGA,1,,
SIGAN,2,,
SIGE,2,,
SIGNED,2,,
SIGNING,1,,
SIGNS,1,,
SIGO,1,,
SIGUE,1,,
SIGUES,1,,
SIH,0,,
SIHH,0,,
SII,1,,
SIII,1,,
SIIM,2,,
SIIP,3,,
SILA,1,,
SILAHKAN,3,,
SILENCE,1,,
SILENCING,-1,,
SIMON,1,,
SIMS,1,,
SINCE,0,,
SINCERELY,2,,
SINCEREST,2,,
SINGAPORE,1,,
SINGING,2,,
SINGLEMINDED,-2,anger,
SINI,0,,
SINO,1,,
SINTO,-1,,
SINYAL,-1,,
SIPP,3,,
SIS,1,,
SISI,1,,
SISTERS,1,,
SIT,1,,
SITES,1,,
SITTIN,1,,
SITU,1,,
SIX,0,,
SKALI,0,,
SKALIAN,1,,
SKARANG,1,,
SKEPTICS,-2,,
SKG,1,,
SKIING,1,,
SKINS,1,,
SKOLA,1,,
SKOLAH,1,,
SKOOL,0,,
SKR,1,,
SKRG,0,,
SKRNG,1,,
SKT,-1,,
SKUL,1,,
SKYPE,1,,
SLAAP,1,,
SLALU,1,,
SLAMAT,3,,
SLAPEN,1,,
SLASHED,-2,,
SLASHING,-2,,
SLEEEP,0,,
SLEEPOVER,2,,
SLEEPS,1,,
SLEPT,0,,
SLH,0,,
SLICKER,2,,
SLICKEST,2,,
SLM,3,,
SLMT,3,,
SM*SH,1,,
SMA,1,,
SMANGAT,2,,
SMART,1,,
SMARTER,2,,
SMARTEST,2,,
SMBUH,1,,
SMELLS,1,,
SMG,2,,
SMGA,2,,
SMH,0,,
SMILED,2,,
SMILES,2,,
SMILEY,2,,
SMLM,0,,
SMOG,-2,,
SMOGA,2,,
SMOKE,1,,
SMOOTH,2,,
SMOOTHIE,2,,
SMP,1,,
SMPE,0,,
SMS,0,,
SMSAN,0,,
SMUA,1,,
SMUANYA,1,,
SNDIRI,0,,
SNDRI,0,,
SNEAKY,-1,,
SNEL,0,,
SNL,1,,
SNOWING,0,,
SNSD,2,,
SNUB,-2,,
SNUBBED,-2,,
SNUBBING,-2,,
SNUBS,-2,,
SNUGGLE,1,,
SOAL,1,,
SOALNYA,0,,
SOBER,1,,
SOBERING,1,,
SOCKS,1,,
SODA,1,,
SODARA,1,,
SOFT,1,,
SOFTBALL,1,,
SOFTWARE,1,,
SOH,0,,
SOIR,1,,
SOK,1,,
SOL,1,,
SOLA,-1,,
SOLAT,2,,
SOLD,-1,,
SOLEMN,-1,,
SOLUTIONS,1,,
SOLVED,1,,
SOLVES,1,,
SOLVING,1,,
SOMBONG,0,,
SOME KIND,0,,
SOMEBODY,1,,
SOMEDAY,2,,
SOMEHOW,1,,
SOMEONE,0,,
SOMEONES,1,,
SOMETHIN,1,,
SOMETHING,1,,
SOMETIME,2,,
SOMETIMES,1,,
SOMEWHAT,1,,
SOMEWHERE,1,,
SONGS,2,,
SON-OF-A-BITCH,-5,,
SONS,2,,
SOO,1,,
SOON,1,,
SOONER,1,,
SOOO,1,,
SOOON,1,,
SOOTHED,3,,
SOPHISTICATED,2,,
SOPO,1,,
SORI,0,,
SORRY,-1,,
SORTA,1,,
SORTE,1,,
SORTED,2,,
SORY,1,,
SOS,1,,
SOUL,2,,
SOUNDED,1,,
SOUNDS,2,,
SOUNDTRACK,2,,
SOUTH,1,,
SOUTHERN,2,,
SOZINHA,-2,,
SOZINHO,-1,,
SPAGHETTI,2,,
SPAIN,1,,
SPAM,-2,,
SPAMMER,-3,,
SPAMMERS,-3,,
SPAMMING,-2,,
SPANISH,1,,
SPARKLES,3,,
SPARKLING,3,,
SPEAK,1,,
SPEARS,2,,
SPELEN,1,,
SPELL,1,,
SPENDING,1,,
SPIRITED,2,,
SPIRITLESS,-2,,
SPOILED,1,,
SPONGEBOB,2,,
SPRIGHTLY,2,,
SPURS,1,,
SQUELCHED,-1,,
SRRY,0,,
SRY,0,,
STA,0,,
STAAN,1,,
STAAT,1,,
STABBED,-2,,
STABS,-2,,
STAD,2,,
STADIUM,1,,
STALKER,1,,
STALKING,1,,
STALLED,-2,,
STALLING,-2,,
STAMPEDE,-2,,
STAN,1,,
STARBUCKS,1,,
STARTED,1,,
STARTING,1,,
STARTLED,-2,,
STARTS,1,,
STARVE,-2,,
STARVES,-2,,
STATES,1,,
STAYING,1,,
STEAK,2,,
STEALS,-2,,
STEEDS,0,,
STEPH,2,,
STEPHEN,1,,
STEVE,1,,
STEVEN,1,,
STFU,2,,
STICKS,1,,
STIL,0,,
STILL,0,,
STIMULATE,1,,
STIMULATED,1,,
STIMULATES,1,,
STIMULATING,2,,
STO,1,,
STOKED,3,,
STOOD,0,,
STOPPED,-1,,
STOPS,-1,,
STORES,1,,
STORIES,1,,
STOY,0,,
STRAKS,1,,
STRANGE,-1,,
STRANGE CLANKING,0,,
STRANGELY,-1,,
STRANGLED,-2,,
STRAWBERRIES,2,,
STRAWBERRY,2,,
STREETS,1,,
STRENGTHENED,2,,
STRENGTHENS,2,,
STRESSED,-2,,
STRESSFUL,0,,
STRESSOR,-2,,
STRESSORS,-2,,
STRIKERS,-2,,
STRIKES,-1,,
STRINGS,2,,
STROKES,2,,
STRONG,2,,
STRONGER,2,,
STRONGEST,2,,
STRUCK,-1,,
STRUGGLED,-2,,
STRUGGLES,-2,,
STRUGGLING,-2,,
STUBBORN,-2,,
STUDENTS,1,,
STUDIES,1,,
STUDYING,0,,
STUFFED,1,,
STUNNING,4,,
STUPIDLY,-2,,
SUAMI,1,,
SUARA,0,,
SUARANYA,1,,
SUAREZ,2,,
SUASANA,1,,
SUATU,2,,
SUAVE,2,,
SUB,1,,
SUBHANALLAH,2,,
SUBSTANTIAL,1,,
SUBUH,1,,
SUCCES,2,,
SUCKED,-1,,
SUCKS,-3,,
SUDAH,1,,
SUERTE,2,,
SUFFERS,-2,,
SUING,-2,,
SUKSES,3,,
SULIT,0,,
SULKING,-2,,
SULKY,-2,,
SUMPAH,-1,,
SUNDAY,2,,
SUNDAYS,1,,
SUNGGUH,0,,
SUP,2,,
SUPAYA,1,,
SUPER,3,,
SUPPORT,2,,
SUPPORTIVE,2,,
SUPPORTS,2,,
SUPPOSED,0,,
SURABAYA,1,,
SURE,2,,
SURELY,1,,
SURUH,0,,
SURVIVED,2,surprise,
SURVIVOR,2,,
SUSAH,-1,,
SUSHI,1,,
SUSPECTING,-1,,
SUSPECTS,-1,,
SUSU,1,,
SUX,-1,,
SWEARS,-2,,
SWEEET,2,,
SWEETEST,3,,
SWEETY,2,,
SWINDLE,-3,,
SWINDLES,-3,,
SWINDLING,-3,,
SXSW,1,,
SYA,1,,
SYANG,1,,
SYDNEY,1,,
SYG,1,,
SYNG,1,,
SYP,1,,
T.T,-1,,
T_T,-1,,
TAB,1,,
TACO,1,,
TACOS,2,,
TAD,1,,
TADI,0,,
TAH,0,,
TAHAN,0,,
TAHU,1,,
TAHUN,2,,
TAKE,1,,
TAKEN,0,,
TAKES,1,,
TAKIN,1,,
TAKING,1,,
TAKUT,-1,,
TALAGA,1,,
TALKED,1,,
TALKIN,1,,
TALKING,1,,
TALKS,1,,
TALVEZ,1,,
TAM,1,,
TAMBAH,1,,
TAMBEM,0,,
TAMBIEN,1,,
TAMO,1,,
TAMPOCO,-1,,
TANGAN,0,,
TANGGAL,1,,
TANNING,2,,
TANPA,0,,
TANTE,1,,
TANYA,1,,
TARA,1,,
TARD,-2,,
TARDE,2,,
TARDES,3,,
TAREA,0,,
TAS,1,,
TASTES,1,,
TATTOOS,1,,
TAU,0,,
TAUN,1,,
TAUU,0,,
TAVA,0,,
TAXES,1,,
TAXI,0,,
TAYANG,0,,
TAYLOR,1,,
TAYO,1,,
TBH,1,,
TBM,0,,
TCHAU,1,,
TDI,0,,
TDK,1,,
TDR,0,,
TDUR,0,,
TEACHERS,1,,
TEAMS,1,,
TEAR,0,,
TEARS,-2,,
TECH,1,,
TEDDY,1,,
TEE,1,,
TEEN,1,,
TEGA,-2,,
TEGEN,1,,
TEH,1,,
TEL,1,,
TELAH,1,,
TELAT,0,,
TELE,1,,
TELL,1,,
TELLS,1,,
TEMA,1,,
TEMAN,2,,
TEMAN2,2,,
TEMEN,1,,
TEMEN2,1,,
TEMENIN,0,,
TEMENNYA,1,,
TEMP,0,,
TEMPAT,1,,
TEMPRANO,0,,
TEMPTED,0,,
TENANG,1,,
TEND,1,,
TENGA,1,,
TENGGOROKAN,-2,,
TENGKYU,4,,
TENIA,0,,
TENSE STANDOFF,-2,,
TENSO,-1,,
TENTANG,1,,
TENTU,1,,
TEPAT,1,,
TEPATIN,5,,
TEQUILA,1,,
TERAKHIR,0,,
TERASA,0,,
TERBAIK,2,,
TERIMA,3,,
TERIMAKASIH,4,,
TERJADI,1,,
TERLALU,0,,
TERMINANDO,1,,
TERMINAR,1,,
TERMINE,1,,
TERMINO,0,,
TERNYATA,0,,
TERRIFIED,-3,,
TERRORIZED,-3,,
TERRORIZES,-3,,
TERSENYUM,3,,
TERSERAH,1,,
TERUG,1,,
TERUS,0,,
TESTING,1,,
TESTS,0,,
TETAP,2,,
TETEH,1,,
TETEP,1,,
TEXAS,1,,
TEXTED,0,,
TEXTING,1,,
TEXTS,1,,
TGIF,2,,
TGL,1,,
TGS,0,,
THA,1,,
THAILAND,0,,
THANG,2,,
THANK,2,,
THANKFULLY,1,,
THANKS,2,,
THANKSS,4,,
THANKSSS,3,,
THANKYOU,3,,
THANKYOUU,4,,
THANX,3,,
THAT'D,2,,
THAT'LL,1,,
THATS,1,,
THEATRE,1,,
THERAPY,2,,
THEREFORE,1,,
THERES,0,,
THEYRE,1,,
THINGY,1,,
THINK,1,,
THINKIN,1,,
THINKS,1,,
THIRD,1,,
THN,1,,
THNKS,3,,
THO,1,,
THOMAS,1,,
THOUGH,1,,
THREATENS,-2,,
THREATS,-2,,
THREE,0,,
THREW,0,,
THRILLED,5,,
THROWING,0,,
THT,1,,
THUIS,1,,
THURS,0,,
THURSDAY,1,,
THUS,1,,
THWARTED,-2,,
THWARTING,-2,,
THWARTS,-2,,
THX,3,,
TIA,1,,
TIAP,0,,
TIBA,0,,
TIBA2,0,,
TICKETS,0,,
TIDAK,1,,
TIDUR,0,,
TIED,1,,
TIENES,0,,
TIGHT,1,,
TIJD,1,,
TIK,1,,
TIKET,0,,
TIM,1,,
TIMEE,0,,
TIMEEE,0,,
TIMELINE,0,,
TIMES,0,,
TIMING,1,,
TIMOROUS,-2,,
TING,1,,
TINGGAL,1,,
TINGGI,1,,
TINGKAT,0,,
TIPS,2,,
TIRAR,0,,
TIRING,1,,
TIROL,1,,
TIS,1,,
TITIP,1,,
TITS,-2,,
TIX,0,,
TKS,3,,
TLG,1,,
TMB,1,,
TMEN,1,,
TMN,1,,
TMN2,1,,
TMPT,0,,
TMR,0,,
TMRW,1,,
TNGO,-1,,
TNX,3,,
TOCA,1,,
TODA,0,,
TODAS,1,,
TODAYS,1,,
TODAYY,1,,
TOEN,0,,
TOES,1,,
TOGETHER,1,,
TOH,1,,
TOI,2,,
TOK,0,,
TOKYO,1,,
TOL,0,,
TOLD,1,,
TOLONG,1,,
TOM,1,,
TOMA,1,,
TOMANDO,1,,
TOMAR,1,,
TOMEI,1,,
TOMMOROW,1,,
TOMO,1,,
TOMOROW,1,,
TOMORROWS,1,,
TONIGHT,1,,
TONIGHTS,1,,
TONITE,1,,
TONS,1,,
TONY,1,,
TOOK,1,,
TOOL,1,,
TOOO,1,,
TOPICS,1,,
TOPS,2,,
TORONTO,0,,
TORTURED,-4,,
TORTURES,-4,,
TORTURING,-4,,
TOS,0,,
TOSH,2,,
TOTALITARIAN,-2,,
TOTALITARIANISM,-2,,
TOU,0,,
TOUTED,-2,,
TOUTING,-2,,
TOUTS,-2,,
TOWARDS,1,,
TPI,0,,
TQM,2,,
TRABAJANDO,0,,
TRACKS,2,,
TRAILER,1,,
TRAINS,0,,
TRAKTIR,2,,
TRANQUILA,2,,
TRANQUILO,2,,
TRANS,1,,
TRAPPED,-2,,
TRAUMA,-3,,
TRAVELS,2,,
TREASONOUS,-3,,
TREASURES,2,,
TREATING,2,,
TREES,1,,
TREIN,1,,
TREMULOUS,-2,,
TRES,1,,
TREY,2,,
TRI,1,,
TRICKED,-2,,
TRIED,0,,
TRISTE,-2,,
TRISTEZA,-1,,
TROUBLE,-2,,
TROUBLED,-2,,
TROUBLES,-2,,
TROUWENS,2,,
TRS,0,,
TRUE SCALE,-1,,
TRULY,2,,
TRUS,0,,
TRUSTED,2,,
TRY,1,,
TRYIN,1,,
TRYING,0,,
TRYNA,1,,
T-SHIRT,2,,
TSK,0,,
TSUNAMI,0,,
TTG,1,,
TTP,1,,
TTYL,2,,
TUES,1,,
TUESDAY,1,,
TUGAS,0,,
TUH,1,,
TUHAN,1,,
TUJUAN,2,,
TUK,1,,
TUKANG,0,,
TUMBEN,1,,
TUMBLR,1,,
TUMMY,-1,,
TUNED,3,,
TUNES,2,,
TUNGGU,2,,
TURKEY,1,,
TURNED,1,,
TURNS,1,,
TURUN,0,,
TURUT,0,,
TUS,1,,
TUTTI,3,,
TUTUP,0,,
TUU,1,,
TUVE,0,,
TWAT,-5,,
TWEE,1,,
TWEEPLE,2,,
TWEEPS,3,,
TWEET,1,,
TWEETDECK,0,,
TWEETED,1,,
TWEETER,1,,
TWEETERS,2,,
TWEETHEARTS,3,,
TWEETIES,3,,
TWEETIN,1,,
TWEETING,1,,
TWEETS,1,,
TWICE,1,,
TWIT,0,,
TWITCAM,0,,
TWITCON,4,,
TWITPIC,0,,
TWITT,0,,
TWITTER,0,,
TWITTERAN,0,,
TWITTERING,1,,
TWITTERLAND,2,,
TWITTERS,0,,
TWO,0,,
TXT,0,,
TYLER,0,,
TYPING,0,,
U.U,0,,
U_U,-1,,
UANG,0,,
UAS,1,,
UBER,1,,
UBERSOCIAL,1,,
UDA,1,,
UDAHAN,0,,
UDH,1,,
UFF,1,,
UFFF,1,,
UGH,-2,,
UGHH,-1,,
UGHHH,-2,,
UHH,1,,
UHHH,0,,
UHM,1,,
UJAN,0,,
UJIAN,1,,
UKRAINIAN OPPOSITION,-1,,
ULANG,2,,
ULANGAN,0,,
ULIT,2,,
U'LL,2,,
ULTAH,2,,
ULTIMA,0,,
UMM,1,,
UNAPPRECIATED,-2,,
UNBELIEVING,-1,,
UNC,2,,
UNCLEAR,-1,,
UNCREDITED,-1,,
UNDERESTIMATED,-1,,
UNDERESTIMATES,-1,,
UNDERESTIMATING,-1,,
UNDERMINE,-2,,
UNDERMINES,-2,,
UNDERMINING,-2,,
UNDERSTAND,1,,
UNDESERVING,-2,,
UNEMPLOYMENT,-2,,
UNEQUALED,2,,
UNETHICAL,-2,,
UNFOCUSED,-2,,
UNFOLLOW,1,,
UNFOLLOWED,0,,
UNFORTUNATELY,-1,,
UNG,1,,
UNHA,0,,
UNI,0,,
UNICA,0,,
UNICO,0,,
UNIFIED,1,,
UNINTELLIGENT,-2,,
UNLESS,1,,
UNLOVABLE,-2,joy,
UNLOVED,-2,,
UNMOTIVATED,-2,,
UNNIE,1,,
UNPROFESSIONAL,-2,,
UNRESEARCHED,-2,,
UNSECURED,-2,,
UNSTOPPABLE,2,,
UNSURE,-1,,
UNTARNISHED,2,,
UNTUNG,1,,
UNWANTED,-2,,
UNYU,1,,
UPCOMING,2,,
UPDATE,1,,
UPDATING,1,,
UPGRADE,1,,
UPLOAD,1,,
UPLOADED,1,,
UPLOADING,2,,
UPON,1,,
UPPP,1,,
UPS,1,,
UPSETS,-2,,
UPSETTING,-2,,
UPSIDE,1,,
UPTIGHT,-2,,
URE,2,,
U'RE,2,,
URGH,-2,,
URL,1,,
URS,1,,
URSELF,2,,
URUSAN,1,,
URWEL,4,,
URWELL,5,,
USAH,1,,
USAHA,2,,
USB,0,,
USE,1,,
USED,1,,
USEFUL,2,,
USELESSNESS,-2,,
USER,1,,
USERNAME,2,,
USERS,1,,
USES,1,,
USING,1,,
USTED,1,,
USTEDES,1,,
USTREAM,1,,
USUALLY,-1,,
UTD,1,,
UTK,2,,
UTS,1,,
UUR,0,,
UURTJE,1,,
UURTJES,1,,
UUU,0,,
VADER,1,,
VAKANTIE,0,,
VALEU,2,,
VALIDATE,1,,
VALIDATED,1,,
VALIDATES,1,,
VALIDATING,1,,
VALLA,1,,
VALT,1,,
VALUE,1,,
VAMO,1,,
VANAF,1,,
VANAVOND,2,,
VANCOUVER,1,,
VANDAAG,1,,
VANESSA,1,,
VANMIDDAG,1,,
VCS,1,,
VDD,0,,
VECES,0,,
VEEL,1,,
VEGAS,1,,
VEIO,0,,
VEJO,0,,
VEMOS,2,,
VEN,0,,
VENDO,1,,
VENEZUELA,0,,
VENGA,1,,
VENIR,0,,
VEO,0,,
VERDER,1,,
VERDICTS,-1,,
VERE,1,,
VERGETEN,0,,
VERJAARDAG,2,,
VERTE,0,,
VES,1,,
VEXATION,-2,,
VEXING,-2,,
VEZ,0,,
VEZES,0,,
VIA,1,,
VIAGEM,1,,
VIAJAR,0,,
VIAJE,1,,
VIBES,3,joy,
VIBRANT,3,,
VICTIMIZE,-3,,
VICTIMIZES,-3,,
VICTIMIZING,-3,,
VICTIMS,-3,,
VIDA,1,,
VIDEO,0,,
VIDEOS,0,,
VIDS,0,,
VIENDO,2,,
VIENE,1,,
VIEREN,1,,
VIERNES,1,,
VIERRA,2,,
VIEWS,2,,
VILE,-3,,
VIM,0,,
VIN,1,,
VIND,1,,
VINDEN,1,,
VINDICATES,2,,
VINO,1,,
VIOLATED,-2,,
VIOLATES,-2,,
VIOLATING,-2,,
VIP,1,,
VIR,0,,
VIRULENT,-2,,
VISIONING,1,,
VISIONS,1,,
VISITED,1,,
VISTE,0,,
VISTO,0,,
VITAMIN,1,,
VITRIOLIC,-3,,
VIVA,2,,
VIVIR,1,,
VIVO,0,,
VOCES,1,,
VOCIFEROUS,-1,,
VODKA,1,,
VOEL,0,,
VOETBAL,1,,
VOL,1,,
VOLGENDE,2,trust,
VOLGENS,1,,
VOLLEYBALL,1,,
VOLTA,1,,
VOLTAR,0,,
VOLTEI,3,,
VOLTO,2,,
VOLVER,0,,
VOND,1,,
VOORBIJ,-1,,
VOS,1,,
VOTED,2,,
VOZ,0,,
VRIJ,1,,
VRIJDAG,1,,
VROEG,0,,
VUELTA,1,,
VUELVO,1,,
W/,2,,
W/O,0,,
WAA,0,,
WAAA,-1,,
WAAAH,-1,,
WAAAY,0,,
WAAH,0,,
WAAR,1,,
WACHTEN,1,,
WACK,0,,
WADUH,0,,
WAE,0,,
WAH,1,,
WAHAHA,1,,
WAHH,0,,
WAHHH,-1,,
WAITED,0,,
WAITIN,1,,
WAKING,1,,
WAKKER,0,,
WAKTU,1,,
WAKTUNYA,2,,
WALA,0,,
WALAUPUN,1,,
WALKED,1,,
WALKING,1,,
WALKOUT,-2,,
WALKOUTS,-2,,
WALMART,2,,
WANA,0,,
WANITA,2,,
WANKER,-3,,
WANNA,0,,
WANNEER,1,,
WANT,1,,
WANTED,0,,
WANTS,1,,
WAR CHESSBOARD,-1,,
WAREN,1,,
WARM,1,,
WARMER,1,,
WARMTH,2,,
WARNA,1,,
WARNS,-2,,
WARS,1,,
WARZONE,-1,,
WASHED,1,,
WASHINGTON,1,,
WASNT,0,,
WASSUP,2,,
WATCHED,1,,
WATCHIN,2,,
WATCHING,2,,
WATS,1,,
WAW,1,,
WAY,0,,
WAYNE,0,,
WAYYY,0,,
WBU,2,,
WEAK,-2,,
WEBSITE,1,,
WEDDING,2,,
WEDNESDAY,1,,
WEDSTRIJD,1,,
WEEE,1,,
WEEKEND,1,,
WEEKENDS,0,,
WEEKS,0,,
WEET,1,,
WEG,0,,
WEH,0,,
WELCOME,2,,
WELCOMES,2,,
WELL,1,,
WELLL,1,,
WELP,1,,
WENT,1,,
WERD,1,,
WERK,1,,
WERKEN,0,,
WES,0,,
WEST,1,,
WETEN,2,,
WEW,1,,
WEY,0,,
WHAAAT,0,,
WHATEVER,2,,
WHATS,1,,
WHENEVER,1,,
WHERES,0,,
WHEREVER,2,,
WHEW,2,,
WHITEWASH,-3,,
WHOEVER,1,,
WHOLE,1,,
WHOOO,2,,
WHOSE,1,,
WHT,1,,
WHYYY,-2,,
WID,1,,
WIDOWED,-1,,
WIF,1,,
WIFEY,1,,
WII,1,,
WILLIAMS,1,,
WILLING,2,,
WIN,4,,
WINDOWS,0,,
WINGS,2,,
WINS,4,,
WINWIN,3,,
WISH,1,,
WISHED,0,,
WISHES,1,,
WISHING,1,,
WITHIN,1,,
WIVES,2,,
WIZ,2,,
WKEND,1,,
WKND,1,,
WKT,0,,
WKTU,0,,
WKWK,1,,
WKWKRT,1,,
WKWKW,1,,
WKWKWK,1,,
WKWKWKWK,1,,
WOAH,1,,
WOEBEGONE,-2,,
WOI,0,,
WOKE,0,,
WOKEN,0,,
WOLVERINE,0,,
WOMEN,2,,
WON,3,,
WONDER,1,,
WONDERING,1,,
WONDERS,1,,
WONG,1,,
WOOHOO,3,,
WOOO,4,,
WOOOHOOO,3,,
WOOP,3,,
WOOT,3,,
WOOW,4,,
WORE,1,,
WORKED,1,,
WORKIN,1,,
WORKOUT,2,,
WORLDS,1,,
WORRIES,3,,
WORSEN,-3,,
WORSENED,-3,,
WORSENS,-3,,
WORSHIPED,3,,
WORST,-3,,
WOU,-1,,
WOULDA,0,,
WOULDNT,1,,
WOULD'VE,0,,
WOW,4,,
WOWOW,4,,
WOWWW,4,,
WOY,0,,
WRATHFUL,-3,,
WRK,0,,
WRONGED,-2,,
WROTE,1,,
WTF,-4,,
WTH,0,,
WUD,1,,
WUT,1,,
WYATB,5,,
WYD,2,,
X_X,0,,
XANDER,-1,,
XBOX,1,,
XDD,1,,
XDDD,1,,
XOX,1,,
XOXO,2,,
XXX,1,,
YAA,2,,
YAAA,1,,
YAAAH,-1,,
YAAAY,3,,
YAAH,0,,
YAAHH,0,,
YAALLAH,0,,
YAAMPUN,-1,,
YAAY,2,,
YAH,1,,
YAHH,0,,
YAHHH,0,,
YAHOO,1,,
YAKIN,1,,
YALL,1,,
YA'LL,2,,
Y'ALL,2,,
Y'ALL!,3,,
YAN,1,,
YAP,2,,
YART,1,,
YAS,1,,
YAUDA,1,,
YAUDAH,1,,
YAY,2,,
YAYA,1,,
YAYAYA,1,,
YAYY,3,,
YAYYY,3,,
YEAA,2,,
YEAAA,2,,
YEAAAH,2,,
YEAAH,2,,
YEAH,1,,
YEAHH,2,,
YEAHHH,2,,
YEAP,2,,
YEAY,2,,
YEE,1,,
YEEE,2,,
YEEES,2,,
YEH,1,,
YEP,2,,
YER,2,,
YES,1,,
YESS,2,,
YET,0,,
YEY,2,,
YHU,2,,
YNG,1,,
YOGA,1,,
YOGURT,1,,
YOI,1,,
YOK,1,,
YOO,1,joy,
YOOO,1,,
YORK,1,,
YOURE,2,,
YOUS,1,,
YOUTHFUL,2,,
YOUTUBE,1,,
YOUU,2,,
YOUUU,1,,
YRS,1,,
YUCK,-1,,
YUCKY,-2,,
YUH,1,,
YUK,1,,
YUKK,1,,
YUM,3,,
YUMM,3,,
YUMMM,3,,
YUMMY,3,,
YUN,1,,
YUNG,1,,
YUP,2,,
YUPP,2,,
YUR,2,,
YUU,1,,
YUUK,1,,
YUUU,1,,
YUUUK,1,,
YYA,2,,
ZACH,1,,
ZAG,1,,
ZAMAN,2,,
ZAT,1,,
ZATERDAG,1,,
ZEALOTS,-2,,
ZEG,1,,
ZEGGEN,1,,
ZEGT,0,,
ZEKER,2,,
ZELF,1,,
ZERO,1,,
ZETTEN,1,,
ZIEK,-2,,
ZIEN,1,,
ZIET,1,,
ZIN,0,,
ZITTEN,1,,
ZOMBIE,-1,,
ZOMBIES,-1,,
ZOMETEEN,1,,
ZON,1,,
ZO'N,1,,
ZONNETJE,2,,
ZOOO,0,,
ZZZ,1,,
