Tweet,Sentiment,Emotion 1,Emotion 2,Emotion 3,1st Most Prominent Emotion Present in position,2nd Most Prominent Emotion Present in position,3rd Most Prominent Emotion Present in position,Sentiment Accuracy
#psychos #Netanyahu said ?? Attack on #Gaza is #legitimate and #balanced,Negative,Fear,Anger,None,,,,
"More than 80% of the people of Gaza live under $1 a day, while the average Israeli makes $25,000 a year.",Slightly Positive,None,None,None,,,,
#AlAwda #Ohio Regional Rally for Justice in #Palestine this Sunday 8/17 @ Ohio Statehouse #Columbus 1-3PM! #Gaza http://t.co/QIdV2DcKCw,Slightly Positive,Trust,Joy,Joy,,,,
We see #Iraq and #Syria getting broken into small warring states too weak to either challenge Israel or protect Iran https://t.co/Ni87MWeSo2,Negative,Fear,Anger,Sadness,,,,
"The long path to recovery for children in #Gaza, like Mohammed, 12, paralyzed by shrapnel http://t.co/RtWOakazst http://t.co/jPTAikq4J0",Neutral,Fear,Surprise,Sadness,,,,
"Allahu Akbar. @DinarApriyanto: lndn of Gaza, is is made contaminated with the blood of innocence how many more will die ? http://t.co/UgNGhfXyvqâ€?",Negative,Sadness,Anger,Joy,,,,
"Hollywood woman stuns crowd- ""Nothing to see here, Just the Life in Gaza"" #GazaUnderFire http://t.co/3Fz9P9cbwb",Neutral,Joy,Joy,Joy,,,,
"To give us support, Sidra from London sent SGP this picture. We stand with our friends in #Palestine. Thank you! http://t.co/uSX7VcU7AJ",Slightly Positive,Joy,Anticipation,Joy,,,,
GRAPHIC: Gaza's humanitarian toll and buildings damaged http://t.co/TbHsWNXjgW,Positive,Joy,Trust,Surprise,,,,
Humanity!,Slightly Positive,Joy,Trust,Joy,,,,
"Head of Gaza bomb squad killed as 1,000 tons of Israeli munitions remain http://t.co/httBogyu6v",Negative,Fear,Disgust,Surprise,,,,
Pray for the displaced people of Gaza..,Slightly Positive,Fear,Joy,Trust,,,,
BRAVO!,Neutral,Joy,Joy,Joy,,,,
who stood up2 Israeli occupation forces gets #Bravery award n #istanbul #Turkey!,Positive,Joy,Trust,Surprise,,,,
Massive artillery shelling may have caused numerous civilian fatalities in Gaza http://t.co/dMx5k269TO,Negative,Anger,Fear,Joy,,,,
"Fuâ€™ad Zuhair Jaber, 27 y/o, a paramedic, killed on 7/20 in Shuja'iyya #Gaza after Israel bombed ambulance he was in. http://t.co/ST8lDxrTe6",Negative,Fear,Disgust,Trust,,,,
More images from today's protest outside parliament. 150 sit in small boxes in solidarity with Palestinians. #Gaza http://t.co/BzxnlLbXDa,Slightly Negative,Trust,Joy,Joy,,,,
Israeli commander: Israel has deployed massive artillery firepower. Such firepower is impossible to target precisely http://t.co/czTdq940Yw,Slightly Negative,Sadness,Joy,Joy,,,,
A la gentucha le encanta quemar banderas de otros paises...,Neutral,Joy,Joy,Joy,,,,
"To #Ferguson, from Palestine http://t.co/kUpehppsG9",Neutral,Joy,Joy,Joy,,,,
Thirsty in Gaza: Israel Destroyed or Damaged 28 Miles of Water Pipes http://t.co/4GQXVAIyNh,Slightly Negative,Fear,Sadness,Anger,,,,
From Palestine #michaelbrownshooting  #Ferguson #MichaelBrown http://t.co/H1MSf7pNRD,Neutral,Joy,Joy,Joy,,,,
Israel: #jcot #tcot Poll: Most Americans Disapprove of Obama's Israel Policy http://t.co/pRUfl8oo5n,Negative,Fear,Sadness,Disgust,,,,
No Comment! ; finish the job Thousands of Israelis rally in support of #Gaza offense http://t.co/wMxXN3x9so http://t.co/e1hcKH6xs2,Slightly Positive,Trust,Fear,Sadness,,,,
TOMORROW : #WestBank rage ..join in every city... ,Slightly Positive,Joy,Joy,Joy,,,,
Palestinians in #Gaza/West Bank have been showing support for #Ferguson. Even offering tips on dealing with teargas. http://t.co/Gc6ykBMU1l,Neutral,Trust,Joy,Joy,,,,
Racism still alive they just be concealing it #Ferguson #Gaza #FreePalestine,Slightly Negative,Anger,Joy,Trust,,,,
"UN figure for Hamas fighters killed in Gaza 242, out of a total of 1900 dead..in other words over 1600 civilians including some 500 children",Neutral,Anger,Joy,Joy,,,,
"I support #Israel. if you're an American Supporting HAMAS or ISIS, you must be a Demon-crat ! #TCOT #TeaParty http://t.co/1TsDejcIMy",Neutral,Joy,Joy,Joy,,,,
The black residents of Ferguson are governed by white police and they say it feels more like Gaza than America http://t.co/KFgc5jPEXq,Slightly Negative,Sadness,Trust,Fear,,,,
Netanyahu opposes UN investigation of Israel war crimes since it's a democracy. As if democracies never abuse rights. http://t.co/92Z3DTLRCG,Positive,Sadness,Disgust,Anger,,,,
Gotta love Israel man #fellas,Slightly Positive,Joy,Joy,Joy,,,,
Son of satan Netanyahu indicates Israel wont cooperate with UN probe #ICC4Isarel #GazaGenocide http://t.co/cqta044BpJ http://t.co/99ehx7KvQZ,Slightly Positive,Anticipation,Joy,Joy,,,,
Israeli cabinet meeting scheduled for 8:30am following increase in positive statements by Palestinian factions that Gaza truce deal is close,Very Positive,Trust,Joy,Surprise,,,,
"Israeli Economics Minister: â€œFor every rocket launched into Israel, Israel should bomb 20 Hamas commandersâ€™ homes http://t.co/iAN6qcoi0i",Neutral,Anger,Fear,Surprise,,,,
So @MegWhitman @HP Your tech promotes oppression in occupied Palestine -- How much baby blood can HP handle? http://t.co/0geQ7qX1Pu,Slightly Negative,Sadness,Trust,Anger,,,,
These Are the Unseen Victims of the Israeli-Palestinian Conflict http://t.co/UCPGq7XW3I,Negative,Sadness,Fear,Anger,,,,
"Israel akan takut,",Neutral,Joy,Joy,Joy,,,,
Israel changed barcode form 729 to 871 to avoid boycott ...,Negative,Sadness,Disgust,Anger,,,,
"Usual blather on UN rights chief for daring to criticize Israel: must be biased, anti-Semitic, filled w/ hate. Israel never violates rights.",Slightly Positive,Anger,Joy,Joy,,,,
Venezuela Sending 16 Tons of Humanitarian Aid to the Gaza Strip #venezuelaconpalestina http://t.co/HOPeAJDwkE,Positive,Joy,Trust,Surprise,,,,
#Hamas claims it was not behind the rockets fired into southern #Israel. No claim of responsibility yet but it could be another group.,Neutral,Joy,Joy,Joy,,,,
Kids getting out in #Gaza to play together during cease fire! Mashallah look how happy they are #FreePalestine http://t.co/Cg6Jj5jgoO,Very Negative,Sadness,Joy,Joy,,,,
finish th job Thousands of Israelis rally in support of #Gaza offense (PHOTOS) http://t.co/Ba6dS7O0gl http://t.co/Sz9kDBT0VE,Slightly Negative,Disgust,Fear,Sadness,,,,
91 yr #Dutch man who saved #Jewish #child from #Nazi's returns Medal after #Israel bombs and kills 6 relatives #Gaza   http://t.co/kBerxRTpAc,Slightly Positive,Trust,Fear,Disgust,,,,
Israel Braces for War Crimes Inquiries on Gaza http://t.co/TIPT8X3CbB,Slightly Negative,Fear,Joy,Joy,,,,
"Israel hates beauty. My in-laws' house. 1 of most beautiful Houses in Gaza(that's my Ahmed, left)",Positive,Joy,Joy,Joy,,,,
Israel Assassin #Canada Complice Boycott #apartheid boycott #Israel #MontrÃ©al #manifencours pour la #Palestine http://t.co/tJxfZ9g6Bu #QC,Negative,Sadness,Anger,Disgust,,,,
"Again and again and again, Palestinians in west Gaza city report Israeli gunboats occasionally opening fire at Gaza beach #watchisrael",Neutral,Joy,Fear,Joy,,,,
"Tahukah anda, selain McD rokok juga perlu diboikot. 12% drpd hasil jualan rokok adalah milik Israel. #KhutbahJumaat",Neutral,Joy,Joy,Joy,,,,
#Turkish human rights organizations and activists send a fleet to challenge #Israel blockade on #Gaza?#Turkey  http://t.co/yTU9V4jjou,Slightly Negative,Fear,Anger,Sadness,,,,
So @BarclaysOnline @Barclays you manage investments in a company whose drones bomb Gaza. How much money do you need? http://t.co/DHmFwrhcDz,Slightly Negative,Sadness,Disgust,Anger,,,,
"If the rockets stop, quiet can come tomorrow. The Bizarre Moral Criticism Against Israel http://t.co/6qmWK1Ou0N via @TIMEIdeas",Slightly Negative,Anger,Trust,Surprise,,,,
"Yesterday, I went to Gaza's graveyard to visit my grandma's grave. I didn't find it. It was hit by a missile. I saw my grandma's bones.",Neutral,Joy,Joy,Joy,,,,
Further images from the wedding of Omar and Hiba that took place against all odds at a UN shelter on 13th Aug #Gaza http://t.co/RZd3sGNuiD,Slightly Positive,Trust,Joy,Joy,,,,
RT @GaeMar01: What Israel has targeted so far in #Gaza. via @UNOSAT  http://t.co/dg9I4DpOg1,Neutral,Joy,Joy,Joy,,,,
"@injjusstice: More than 80% of the people of Gaza live under $1 a day, while the average Israeli makes $25,000 a year.",Neutral,Joy,Joy,Joy,,,,
Strong letter by Palestinian rights @AlMezanCenter slams @Rudoren article on casualties of Israel's #Gaza offensive http://t.co/omJRbTeAQ4,Slightly Positive,Trust,Disgust,Anger,,,,
"100,000's of Palestinians with no where to go, a constant struggle to live. #Gaza http://t.co/aF5O6bLyQq",Slightly Positive,Trust,Fear,Sadness,,,,
He was injured until he screamed from to much pain then died. Suliman Daher the martyr kid in Gaza...,Slightly Negative,Fear,Sadness,Joy,,,,
Meet the 'neutral' UN Human Rights referee who will investigate Israel's 'crimes'. http://t.co/YutbvBVOyJ @Commentary http://t.co/OUMYlXgOZH,Slightly Positive,Trust,Anticipation,Joy,,,,
Palestinians from #GAZA identify w/the ppl of #Ferguson and #AfricanAmericans struggle for #humanrights @FergusonUnity http://t.co/rx8i7KSNI0,Slightly Negative,Fear,Sadness,Anger,,,,
"Palestine, 1920s http://t.co/90EOet58iy",Neutral,Joy,Joy,Joy,,,,
I will never understand that argument that Palestinians didn't exist.. so you thought all the infrastructure of Palestine was just there,Slightly Positive,Anticipation,Joy,Joy,,,,
A brief history of ZIONISM in palestine for malaysian http://t.co/v4msqBcNop,Neutral,Joy,Joy,Joy,,,,
"MT @redbrasco So Israel is a threat! http://t.co/1twQOYUPcf @TexasWench || In point of fact, much like Truth, ONE JEW is a threat to #Islam.",Neutral,Trust,Fear,Anger,,,,
Israel is real terrosist! http://t.co/9wgCnFKGyL,Slightly Positive,Trust,Joy,Joy,,,,
"Stop the killing in Gaza, I want world peace!",Neutral,Joy,Trust,Fear,,,,
"Truce deal between Palestinians and #Israel almost has achieved but need approval by factions and PA, well informed source said. #Gaza",Positive,Joy,Trust,Surprise,,,,
Israel shall rot in hell.. what the hell is this ????? #FreePalestine  https://t.co/dZPHI4rs83,Negative,Fear,Sadness,Disgust,,,,
Israel kills children,Negative,Fear,Disgust,Joy,,,,
#SOSPalestina #GazAmor,Neutral,Joy,Joy,Joy,,,,
The dark circles represent massacres on Palestinians in #Gaza Strip. The map shows areas bombed in 5 weeks of attacks http://t.co/gC8QoRBcJe,Slightly Positive,Disgust,Joy,Joy,,,,
Here's the response of @BBCNews to Amnesty evidence of Israeli attacks on medics in #Gaza. http://t.co/23Et2m7t1M http://t.co/MfIpsaAgqn,Slightly Positive,Joy,Joy,Joy,,,,
The biggest and only paper factory in #Gaza completely destroyed by Israeli warplanes #ICC4Israel #WarCrime @GazaLive24 http://t.co/x7Sf77ujT4,Slightly Positive,Fear,Sadness,Anger,,,,
Israel to pay students to defend it online - Nouvelles dâ€™Orient (alaingresh) http://t.co/XcjgKwANqW,Slightly Positive,Joy,Trust,Fear,,,,
"Fired professor voiced ""legitimate outrage"" over Gaza attack, say University of Illinois colleagues http://t.co/40ls9WcHVQ via @intifada",Slightly Positive,Anger,Disgust,Trust,,,,
"â€˜Israel, US must face war crime chargesâ€™ http://t.co/77J4ZiEe4g via @PressTV",Slightly Negative,Fear,Anger,Joy,,,,
"The fact Gaza tweeting to the people in Ferguson how to stop tear gas and Ferguson crowd chanting ""Free Gaza"" is amazing",Neutral,Trust,Joy,Joy,,,,
Israel to pay students to defend it online http://t.co/nEgzSr7FHj,Slightly Positive,Joy,Trust,Fear,,,,
One creature who understand the dawn light it's birds - Good Morning All :-)),Positive,Joy,Trust,Surprise,,,,
"Hula Valley, #ISRAEL http://t.co/Jguuj3XQtE",Neutral,Joy,Joy,Joy,,,,
Thank you #Japan,Slightly Positive,Joy,Anticipation,Joy,,,,
"Meet a humanitarian worker in #Gaza, working on the front lines: http://t.co/oHRPgtBf72  #HumanitarianHeroes http://t.co/YQj4W4ReCp",Positive,Joy,Trust,Surprise,,,,
Well said grandma #Gaza #FreePalestine http://t.co/S77cfu9Cz4,Neutral,Joy,Joy,Joy,,,,
The story as never told before ,Neutral,Joy,Joy,Joy,,,,
Deputy State Department spokesperson Marie Harf: Supply of arms to Israel to continue http://t.co/VW8abxUNAo http://t.co/T2n9TMUaL2,Positive,Trust,Anticipation,Joy,,,,
"Israel sasar Malaysia ? takot jugak tapi kalau dah qada qadar Allah , kena redha , kita dah banyak sangat berseronok di dunia",Neutral,Joy,Joy,Joy,,,,
#Gaza agriculture devastated by Israeli offense â€“ UN http://t.co/EahnSauQcu http://t.co/C8GQ0wbm4n,Negative,Sadness,Anger,Fear,,,,
#Gaza Resists ..,Neutral,Joy,Joy,Joy,,,,
"The people of the UK stand with  palestine, today was brilliant!  #FreePalestine #FreeGaza #istandwithpalestine http://t.co/nCSzlIHh7K",Neutral,Joy,Joy,Joy,,,,
My plea to the people of Israel : Liberate yourselves by liberating Archbishop Emeritus Desmondâ€¦ http://t.co/EpZ1wn63Vc,Slightly Positive,Anticipation,Joy,Trust,,,,
women killing children Only in Israel ...  http://t.co/YI9LBsOaSM,Slightly Negative,Fear,Sadness,Anger,,,,
IDF: Iron Dome intercepted 90% of #Gaza rockets - http://t.co/TvsJVXpDv1,Slightly Positive,Trust,Joy,Joy,,,,
Calls to have Jewish student revoked of his academic honors after he shows opposition to Israeli slaughter in Gaza http://t.co/0Yh6IWgcnH,Negative,Anger,Trust,Fear,,,,
"Israeli soldier on #Gaza civilians: ""They are all Hamas"" http://t.co/xcbjJS9y1r @sheeraf | @BuzzFeed http://t.co/qyZshs3D1m",Slightly Positive,Sadness,Anger,Joy,,,,
Einstein pernah melayangkan surat terbuka kpd The New York Times ttg kemuakannya thdp Israel http://t.co/qOWaRbahhJ http://t.co/qPh15ghB6X,Neutral,Joy,Joy,Joy,,,,
"St. Louis County Police Chief, in 2011, on visiting Israel to learn about police tactics from the Israelis  https://t.co/aYaqRcud3A",Positive,Trust,Fear,Joy,,,,
Promise with Abraham and Salvation through Moses,Positive,Joy,Trust,Anticipation,,,,
.@elizsim1 @Wild_Phil The whole world will die without Israel.,Slightly Negative,Fear,Sadness,Joy,,,,
"Israeli soldier spotted laughing and drinking in Jerusalem bar wearing 'Deployed,DestroyedandEnjoyed Gaza 2014' T-shirt http://t.co/8lcFdag8u3",Slightly Positive,Joy,Sadness,Anger,,,,
U.S. halts missile transfer requested by Israel - Wall Street Journal reports supply of Hellfireâ€¦ http://t.co/xhmdoBtns3,Slightly Positive,Fear,Joy,Joy,,,,
Congratulations4an inspiring #ModiSpeech @PMOIndia.I am honored 2represent  #Israel in #India.Happy #IndependenceDay http://t.co/LegYHmD6lc,Slightly Positive,Joy,Trust,Joy,,,,
This is what rationality looks like. @SamHarrisOrg and @SullyDish talk: http://t.co/zvamrOomiS http://t.co/1sgTQkgDXE,Slightly Positive,Joy,Joy,Joy,,,,
Got Palestine cup cakes made for Charity :) ,Positive,Joy,Joy,Joy,,,,
Israel acusado de utilizar armas prohibidas en Gaza http://t.co/l5FjsDFHEZ vÃ­a @bouleusis,Neutral,Joy,Joy,Joy,,,,
"Photo taken by @FroGoddess ""thanks for the advice #Palestine"" - #Ferguson #STL #MikeBrown http://t.co/USKvlrtlst",Slightly Positive,Joy,Anticipation,Trust,,,,
"Various types of unexploded missiles have been dropped in #Gaza, including explosive barrels. #ICC4Israel http://t.co/l2wYIeFjim",Neutral,Fear,Surprise,Anger,,,,
"Eduardo Galeano: Ya poca Palestina queda. Paso a paso, Israel la estÃ¡ borrando del mapa http://t.co/aWqdFbsByP",Neutral,Joy,Joy,Joy,,,,
5/Salah satu program gerakan kemanusiaan #MajelisInspirasi @AkhwatBergerak sdg bekerja utk #Gaza dg fokus pd #DonasiPersalinan1000IbuGaza,Neutral,Joy,Joy,Joy,,,,
"COLONIZERS ,heartless racists,criminals,and they enjoy it . ",Negative,Anger,Joy,Trust,,,,
#LatinAmerica response to #Gaza massacre: almost every country recalled its ambassador from #Israel/cut ties/condemn http://t.co/akYTaQ6FzV,Slightly Positive,Trust,Fear,Sadness,,,,
"Hezbollah Leader, Nasrallah: #Israel is a Cancer and the Ultimate Goal should be to Remove it http://t.co/p6SJ6W9sfz http://t.co/iEGm2Kebk9",Slightly Negative,Sadness,Fear,Anger,,,,
"Washington DC Obama Denies Halting Weapons Delivery to Israel â€œLet Me Be Clear: There is No Change in Policy, Periodâ€?. http://t.co/sCysYCvSq5",Slightly Negative,Fear,Trust,Sadness,,,,
"En Chile, hasta el Colegio de PsicÃ³logos se pronuncia sobre Gaza. http://t.co/LcrlOxnI0S",Neutral,Joy,Joy,Joy,,,,
"150,000 people on #CapeTown for a protest #Humanity #Palestine #Gaza #ISupportGaza   #IStandWithPalestine http://t.co/nSZSdvhl9V",Slightly Positive,Joy,Trust,Anger,,,,
"Stop the killing in Gaza, I want world peace!",Neutral,Joy,Trust,Fear,,,,
#Gaza agriculture devastated by Israeli offense #UN http://t.co/dnF9T66Pjh @MohammedNZiara,Negative,Sadness,Anger,Fear,,,,
"Dear Israel: You don't get to murder, dispossess and steal without repercussions. More and more around the world are waking up and taking action",Slightly Positive,Joy,Joy,Joy,,,,
Wondering why the excessive police violence? Here's a guess: #Ferguson police chief got training in Israel... #Gaza https://t.co/RxEznr8cGP,Slightly Positive,Trust,Fear,Surprise,,,,
Israel nuke Gaza's fish market three minutes into ceasefire. Then nuke it again just to make sure. ,Neutral,Joy,Joy,Joy,,,,
"Khuza'a used to be a pleasant, tiny town in #Gaza. It has been shelled and bombed to ruins over the past five weeks. http://t.co/CC8tl0Q5pV",Slightly Positive,Disgust,Joy,Joy,,,,
"Evidence collected so far about casualties in #Gaza contradicts claims that the IDF attacks were ""indiscriminate"" http://t.co/eRLSW5Wi70",Neutral,Joy,Joy,Joy,,,,
Fuck Israel.,Negative,Anger,Joy,Joy,,,,
"RT if, like us, you believe no-one should have to live under conditions like those imposed by the #Gaza blockade. http://t.co/jcoO3OGktK",Neutral,Anger,Fear,Sadness,,,,
A palestinian child express his feelings about the siege in gaza #FreePalestine  https://t.co/wde8KblbWp,Slightly Positive,Joy,Anticipation,Joy,,,,
Part 1 of the video. Israel terrorizes the Palestinian people everyday to try and get them to move out of t... https://t.co/RTPDEATaDZ,Negative,Fear,Joy,Joy,,,,
Stop the killing of innocent children!,Neutral,Trust,Fear,Sadness,,,,
"Activists in London put themselves in closed boxes expression of their rejection of the siege on #Gaza ""much respect"" http://t.co/UPleOznavw",Slightly Positive,Joy,Trust,Anticipation,,,,
DeberÃ­an cambiarle el nombre a varias zonas del paÃ­s por Gaza a ver si el gobierno mete la mano y reconstruye.,Neutral,Joy,Joy,Joy,,,,
The ceasefire in #Gaza is holding - just - but the devastation remains http://t.co/pHfYoqV5wo #Israel #News #Palestine #WorldNews,Negative,Sadness,Anger,Trust,,,,
Anti-war protesters in Israel are feeling threatened by pro-war mobs: http://t.co/ITzoqYXRrS http://t.co/Be7pgOW29O,Negative,Fear,Anger,Joy,,,,
"Full-Page Ads Denouncing Head of UN Gaza Probe to Run in NYT, WSJ, WaPo, Guardian: JERUSALEM â€” This World: The... http://t.co/6MArTosSR8",Slightly Positive,Trust,Joy,Joy,,,,
"Washington â€“ Obama Halted a Shipment of Hellfire Missiles to Israel during Gaza War, to Punish Bibi for No Ceasefire. http://t.co/l7gYMTasBK",Slightly Negative,Fear,Joy,Joy,,,,
Ondertussen in #Gaza http://t.co/gkzn8aiWBC,Neutral,Joy,Joy,Joy,,,,
RT@178kakapo @fcardoza696 There's almost no electricity and water in #Gaza. It has caused #serious_hygienic problems,Slightly Negative,Fear,Joy,Joy,,,,
Dutch man who saved Jewish child from Nazi tyranny returns medal after six relatives killed in Gaza http://t.co/aWVk7jTs13,Slightly Negative,Fear,Trust,Sadness,,,,
"131. Mohammad Ahmed Bassal, 19, killed in Gaza. #Gaza #FreePalestine",Neutral,Joy,Joy,Joy,,,,
"6/Peradaban di bangun oleh para manusia yg memimpin dunia, termasuk anak2 kita di #Gaza yg puluhan thn tangguh berjuang! Cc @AkhwatBergerak",Neutral,Joy,Joy,Joy,,,,
@Farah_Gazan Could you PLEASE get people to support the official account of our project @SGPWorldwide and help us make a difference in gaza,Neutral,Trust,Disgust,Joy,,,,
150 people squeeze into tiny boxes opposite Parliament to protest Gaza blockade http://t.co/MDmRDkmvyZ http://t.co/7RPL5oZIUU,Slightly Negative,Anger,Trust,Fear,,,,
Head of #Gaza bomb squad is killed. 1000's of Israeli munitions remain  http://t.co/4xRnZwmp5N #ICC4Israel http://t.co/abY0V47EyY,Neutral,Joy,Joy,Joy,,,,
"Free Palestine Free Palestine ima say it one more time, Free Palestine !!!!",Neutral,Anticipation,Joy,Joy,,,,
"Palestinian teen literally wailing over the death of his father killed by #ISRAEL stand up for Palestine, S... https://t.co/J8285CJVfl",Negative,Fear,Disgust,Trust,,,,
Miracle: Rocket From Gaza Slams Israeli House No One Hurt [PICTURE] http://t.co/k3EO6LM0tW #tcot #tlot,Positive,Anger,Sadness,Joy,,,,
"Israel destroy Gaza's Crazy Water Park. http://t.co/MXZjVKTaGF Oh wait, that was Hamas because Islam hates fun.",Negative,Anger,Anticipation,Joy,,,,
@alliahgatorr I get pretty offended when people think im Egyptian id rather be from Israel,Neutral,Joy,Trust,Sadness,,,,
Refusal by Israel to lift the illegal siege. This is #Gaza. #ICC4Israel http://t.co/uILIxsXZhr,Neutral,Joy,Joy,Joy,,,,
Get unite against Israel ,Neutral,Joy,Joy,Joy,,,,
Hamas continues to assert that it will not make an agreement that doesn't meet its demands. Isn't a central demand Israel's destruction?,Neutral,Anger,Joy,Joy,,,,
"Photo taken by @FroGoddess ""thanks for the advice #Palestine"" - #Ferguson #STL #MikeBrown http://t.co/UkfKu2Zzdl",Slightly Positive,Joy,Anticipation,Trust,,,,
"Head of Gaza bomb squad killed as 1,000 tons of Israeli munitions remain http://t.co/bVLTRotlGn  via @intifada",Negative,Fear,Disgust,Surprise,,,,
"If you think first the benefit of its own country, peace will not come!",Slightly Positive,Joy,Trust,Anticipation,,,,
"Israel: 32.000 obuses sobre Gaza. Investigan los bombardeos de saturaciÃ³n en Rafah y Shiyaiya, densamente pobladas. http://t.co/KfHQrfnLCF",Neutral,Joy,Joy,Joy,,,,
"#EU Foreign Ministers are expected to discuss situation in #Ukraine, #Iraq, #Gaza, #Libya tomorrow: http://t.co/SNjLqayt0i #FAC",Slightly Negative,Anticipation,Joy,Joy,,,,
#Freepalestine an An activist was  peacefully protesting against the genocide in Gaza and he got hit in the... https://t.co/VkXk1TnYL6,Slightly Positive,Trust,Anger,Fear,,,,
The Gaza Everywhere app puts  scale of humanitarian crisis in perspective  http://t.co/wT0JOnlGCP http://t.co/DCTxwYd00p,Positive,Joy,Trust,Surprise,,,,
"Once again, #Hamas fired at the Kerem Shalom crossing, preventing humanitarian aid from reaching the people of #Gaza. http://t.co/dO4NZMqOX7",Positive,Anticipation,Joy,Trust,,,,
When we take the time to care about the happiness and freedom of others we have a greater sense of our own self #Gaza http://t.co/XOlNYkVAWh,Very Positive,Joy,Anticipation,Trust,,,,
Hamas' very basic requests to Israel in #Gaza via  @sambarnet  http://t.co/JjgwOAWqSw  #IsraelExposed,Neutral,Joy,Joy,Joy,,,,
"'Entre otros objetivos, Israel quiere apoderarse del gas palestino' http://t.co/BJ0RfBHI9N vÃ­a @bouleusis",Neutral,Joy,Joy,Joy,,,,
"Orang Gaza mati kau tak ambik tahu pon . Neymar injured semua risau -,- ",Negative,Fear,Sadness,Joy,,,,
"9/Saat ini, lebih 40.000 ibu di #Gaza sdg mengandung di tengah perang yg berkecamuk. #DonasiPersalinan1000IbuGaza cc @AkhwatBergerak",Neutral,Joy,Joy,Joy,,,,
"#Israeli propaganda myths debunked by @alaingabon http://t.co/4hmxEKnztk via @Turkey_Agenda #Gaza""",Slightly Negative,Joy,Joy,Joy,,,,
Displaced Childhood in gaza washing clothing in a UN shelter in Rafah ! #ICC4Israel #GazaCrisis #gaza #BoycottIsrael http://t.co/mYzvLsQv19,Neutral,Joy,Joy,Joy,,,,
Hamas talks of 'real chance' for Gaza agreement with Israel http://t.co/8gOsQmAb5J,Positive,Trust,Surprise,Joy,,,,
"Israel bomb the mosque, two seconds into the ceasefire. During kiddy hour. #Pallywood http://t.co/xLxJ7A5WHk",Neutral,Joy,Joy,Joy,,,,
"Stop all foreign aid except to #Israel now, they actually like us. That's your money. #tcot http://t.co/6ybhLt4Caj",Slightly Negative,Sadness,Disgust,Anger,,,,
"When I'm alone and need someone to support me, no one comes to help me except Allah #Gaza",Negative,Disgust,Fear,Joy,,,,
"Reema one of the children injured during Israel's aggression,the look in her eyes sums it up. #ICC4Israel #GazaCrisis http://t.co/Hm5TIKReI5",Neutral,Joy,Joy,Joy,,,,
Gaza agriculture devastated by Israeli offense UN http://t.co/j21FaTKspy #RT #Worldnews,Negative,Sadness,Anger,Fear,,,,
"#Jerusalem Shufat, home of Mohammad Abu Khdeir who was killed by #Israel , collecting aid for #Gaza #GazaUnderAttack http://t.co/6TTWx1RTyQ",Slightly Negative,Fear,Disgust,Joy,,,,
"#Ferguson says: 'Thanks for the advice, #Palestine' https://t.co/FSulLdBwgX Here's to Peace the World Over! @GlobalRevLive @YourAnonNews",Positive,Joy,Anticipation,Trust,,,,
Miracle: Rocket From Gaza Slams Israeli House No One Hurt [PICTURE] http://t.co/6hzvTViJmO #tcot #tlot,Positive,Anger,Sadness,Joy,,,,
Arab bank is in court for accusations of funding Hamas. How about USA funding Israel's war crimes?,Slightly Positive,Anger,Joy,Joy,,,,
"how can this be my america? you mean the america that gives israel 225 billion to kill brown kids, and not letting detroit have water?",Slightly Negative,Fear,Sadness,Joy,,,,
"http://t.co/B5XPM5KUQF OMG I do my best to save animals, but when I see Killing of children MY HEART STOPS DEAD.stop the war #Gaza",Very Positive,Trust,Fear,Sadness,,,,
"#Uganda condemns #Israeli #Gaza strikes, calls for ""immediate and unconditional cessation of Israeli.. aggression"" http://t.co/CcDQafp26h",Slightly Negative,Fear,Anger,Joy,,,,
"Israel has bombed ""dozens of homes w/ families in them"" and ""made [no attempt] to explain the high civilian death toll"" http://t.co/Jp9DiTrb6j",Slightly Positive,Disgust,Anticipation,Trust,,,,
Hamde Abu tells #Ferguson that #Palestine knows what it means to be shot for your ethnicity http://t.co/56aKRQHZnI,Slightly Positive,Sadness,Anger,Anticipation,,,,
VIDEO: Keeping the lights on in Gaza http://t.co/99QKtEnTPu,Neutral,Joy,Joy,Joy,,,,
#Gaza Before and After .. you can see what happened there !!,Neutral,Joy,Joy,Joy,,,,
Israel Has The RIGHT To Exist.  Period.,Neutral,Joy,Joy,Joy,,,,
Wish people would stop getting involved in the Israel/Palestine thing. Kids die of abuse here every day. They couldn't give a fuck about us.,Positive,Anger,Joy,Joy,,,,
"This is Israel's true intentions , do you still think the #Zionist want peace or a two state solution?? #ICC4Israel http://t.co/fWqST96Ouu",Positive,Joy,Trust,Anticipation,,,,
Many Palestinians have been expressing empathy for and solidarity w/ protesters in #Ferguson. HT @thecrisismag #Gaza http://t.co/NFSxUnPoVI,Neutral,Joy,Joy,Joy,,,,
Netanyahu suggests UN shouldn't investigate #Israel war crimes because Syria (which UN is investigating) is worse. http://t.co/HVMGgmKLqd,Negative,Fear,Sadness,Joy,,,,
Appeasement is a disease in the West. It was in 1930s. It is now. Selling out #Israel to #Islamist fascism is wrong. Fight #ISIS now.,Slightly Negative,Fear,Anger,Joy,,,,
"Tel-Aviv Rally asks World 2 imagine living under Daily Missile attacks, urges end 2 Hamas War http://t.co/EbPV7gg5Tp http://t.co/UZqPVq71h1",Slightly Negative,Fear,Anticipation,Joy,,,,
"A Palestinian boy giving his brother a bath at a United Nations shelter school,childhood in gaza ðŸ˜¢ #ICC4Israel #Gaza http://t.co/1W7ON2JUl3",Positive,Trust,Joy,Disgust,,,,
We r distributing maternity packages to hundreds of mums who have given birth in the current hostilities in #Gaza RT http://t.co/HqPRfYNsvL,Neutral,Fear,Joy,Trust,,,,
"'We teach life, Sir' #Gaza http://t.co/HDSJOIkR1F",Positive,Trust,Joy,Surprise,,,,
Demonstration in Madrid supporting Palestinians in Gaza. By @fotomdm  - @Demotix News http://t.co/VFdGmOtLGd,Neutral,Joy,Joy,Joy,,,,
"@USDayofRage NOT IRAQ, NOT GAZA, NOT AFGHANISTAN, BUT F*CKING ST. LOUIS #ferguson #FergusonShooting http://t.co/Fw1kb7Npuyâ€? SHAMEFUL",Negative,Sadness,Joy,Joy,,,,
Why #Israel ? Why do you murder children and destroy their lives ? Why do you destroy their childhoods and future ? http://t.co/6CcFfQxZE4,Negative,Anger,Joy,Joy,,,,
"What's worse Killing an unborn fetus, or one that has been alive for two years? Israel is a war criminal #ICC4Israel http://t.co/ZUfxTghsrr",Negative,Fear,Disgust,Anger,,,,
The Brief: #US protests. #Gaza truce. Yazidis flee #Iraq's Mt Sinjar. #EU's boat migrant crisis. #NorthKorea more http://t.co/5m9mYvX7OM,Neutral,Joy,Joy,Joy,,,,
"@ICRC_ilot:Hundreds of factories, companies and construction sites have been destroyed in Gaza ruining livelihoods. http://t.co/sxV31EegRk",Negative,Fear,Sadness,Anger,,,,
"15/Di Jumat barokah ini, mari dukung persalinan para ibu #Gaza agar bayi2 kita disana dpt meneruskan perjuangan menjaga tanah suci Al-Aqsa!",Neutral,Joy,Joy,Joy,,,,
People who cried for Robbie Williams but remained silent throughout bombs dropping on Gaza hospitals and schools. Really? Is that compassion,Positive,Fear,Joy,Joy,,,,
Holy War Arrives in Germany,Neutral,Fear,Joy,Joy,,,,
"8 months baby Neda, rescued from under wreckage and revived after an immediate treatment, in #Gaza",Slightly Positive,Joy,Anticipation,Sadness,,,,
"Israel akan takut bila Masjid penuh dengan orang islam, bukannya bila McD kosong. Hmm.",Neutral,Joy,Joy,Joy,,,,
No human should have to live under conditions ,Neutral,Joy,Joy,Joy,,,,
#Palestine Settler Violence Watch is out! http://t.co/LuT7gTkM3Y Stories via @FitzInfo @jncatron,Neutral,Joy,Joy,Joy,,,,
"Antisemite is a trick, we always use it former Israel minister:  http://t.co/qWfUtLleSI  @charlesfrith @haloefekti #BDS",Slightly Negative,Surprise,Joy,Joy,,,,
STOP ETHNIC CLEANSING OF PALESTINE is out! http://t.co/vObZLN8BG3 Stories via @DarthMUN15 @KarlRadl,Neutral,Joy,Joy,Joy,,,,
#Israel #Obama Poll: Most Americans Disapprove of Obama's Israel Policy. http://t.co/ln3lC74w7t,Negative,Fear,Sadness,Disgust,,,,
SHARE THIS: #Hamas sacrifices #Gaza for its extremism ,Neutral,Joy,Trust,Fear,,,,
Free palestine activists:,Neutral,Joy,Joy,Joy,,,,
"UN figure for Hamas fighters killed in Gaza 242, out of a total of 1900 dead..in other words over 1600 civilians including some 500 children",Neutral,Anger,Joy,Joy,,,,
Palestinian American went to visit his family in Palestine and Israeli Army beats his face in FOUR DAYS AGO... https://t.co/QZeqpdwW2J,Slightly Positive,Joy,Joy,Joy,,,,
@SaveGazaProject: Please follow the official account of #SaveGazaProject ,Neutral,Trust,Joy,Joy,,,,
NO. Israel has NO Right of Self-Defense,Neutral,Joy,Joy,Joy,,,,
Think of those still in shelters . Just because #Israel destroy their homes. And killing their children #supportgaza #PrayForGaza #AJAGAZA,Slightly Negative,Fear,Sadness,Anger,,,,
SHARE THIS: #Hamas sacrifices the people of #Gaza for its extremism,Neutral,Joy,Trust,Fear,,,,
"Israel was killing Children Long before Hamas was Created, 66 years of occupation created Hamas!  #Gaza #ICC4Israel http://t.co/CnAJyJbV0P",Neutral,Joy,Joy,Joy,,,,
The biggest and only paper factory in #Gaza completely destroyed by Israeli warplanes #GazaUnderAttack #ICC4Israel http://t.co/DIv0jtAYcI,Slightly Positive,Fear,Sadness,Anger,,,,
"Number of displaced Palestinian civilians taking shelter in our #Gaza schools has risen again. Now 218,367 seek refuge in 97 shelters.",Neutral,Anticipation,Joy,Joy,,,,
"Just before Daniel left for Gaza, his wife and daughter immigrated to Israel. After his return, they came to greet him. http://t.co/OZHdXobb4p",Neutral,Joy,Joy,Joy,,,,
Horrifying pic from #Gaza after 2 Israeli missiles were dropped in Omar mukhtar street an extremely populated area ! http://t.co/nH6332Ek2A,Negative,Fear,Sadness,Disgust,,,,
"20/Doakan tim kemanusiaan @AkhwatBergerak and @ACTforHumanity tahap ke-3 dimana sy tergabung di dlmnya,dimudahkan Allah menuju #Gaza .Aamiin.",Neutral,Joy,Joy,Joy,,,,
WHY #ISRAEL KILLS PRESS,Negative,Fear,Disgust,Joy,,,,
"The more shells Israel threw at Gaza the more they killed the more money they made, the happier they got",Slightly Negative,Disgust,Fear,Joy,,,,
#Israel is proud 2 be the child kidnapping capital of world.Currently hold over 300 child prisoners! #GazaUnderAttack http://t.co/xCoiTIFwgd,Slightly Positive,Joy,Trust,Anticipation,,,,
RT â€œ@booreydeutsch: #JewishState #Israel http://t.co/TTEMuXawZfâ€? I LUVE THIS . . SO TRUE . . ,Positive,Joy,Trust,Joy,,,,
"This was not taken from a movie or edited on Photoshop this is Gaza, Palestine where Israeli bombs dropped.",Neutral,Joy,Joy,Joy,,,,
Support medical relief for the people of #Gaza by donating to @FriendsPRCS: http://t.co/ViBu7f6icc  #GazaUnderAttack http://t.co/Zdk78bkkc9,Neutral,Disgust,Trust,Fear,,,,
"#Hamas sacrifices #Gaza for its extremism: ""The resistance protects its people who are paying with their pure blood"" http://t.co/EEblcZAr0o",Negative,Anger,Fear,Sadness,,,,
Caliph Al-Baghdadi On The Run And Is Severely Injured,Slightly Negative,Fear,Sadness,Joy,,,,
Footage Surfacing That Shows ISIS Getting Whooped,Neutral,Joy,Joy,Joy,,,,
When in Gaza do like the Gazans do-- resist...,Slightly Negative,Joy,Joy,Joy,,,,
"Look who had tunnels that were used the same way #Hamas tunnels are used in #Gaza ,yes the Jews in Warsaw ghetto !! http://t.co/BebZXlAZ1J",Slightly Negative,Fear,Sadness,Disgust,,,,
"My ""2 cents"" on (UN) ""aid"" ",Slightly Positive,Joy,Joy,Joy,,,,
"RT if, like us, you believe no-one should have to live under conditions like those imposed by the #Gaza blockade. http://t.co/YcgUMyi0zs",Slightly Negative,Anger,Fear,Sadness,,,,
Israel Braces for War Crimes Inquiries on Gaza http://t.co/0zEiIGXtEk,Slightly Negative,Fear,Joy,Joy,,,,
Support medical relief for the people of #Gaza by donating to @FriendsPRCS : http://t.co/ViBu7f6icc  #GazaUnderAttack http://t.co/Zdk78bkkc9,Neutral,Disgust,Trust,Fear,,,,
Video: Tel Aviv protesters condemn Gaza ceasefire http://t.co/WYylAJ3GFI,Negative,Anger,Fear,Joy,,,,
U.S. says scrutinized arms to #Israel over #Gaza http://t.co/TazFnNQbG7,Neutral,Joy,Joy,Joy,,,,
1567 babies were born in #Gaza during the past 30 day Gazan's are so determined to live and make life. #hopegrowshere http://t.co/e2T80QzaUo,Slightly Positive,Joy,Joy,Joy,,,,
"Brazil, Chile, Ecuador and Peru cut diplomatic ties with Israel. Venezuela, Bolivia, Nicaragua and Cuba have no relations http://t.co/42qXhDWrE5",Neutral,Joy,Joy,Joy,,,,
This is precious. @STWuk is justifying why the world should ignore #Yazidis and focus on #Gaza http://t.co/j8NNWk5fRk http://t.co/tGFnHOctMY,Negative,Joy,Joy,Joy,,,,
"Palestinian officials say that at least 4,500 babies were born since Israel's military operation began in #Gaza | http://t.co/A9jd5ipWjz",Neutral,Fear,Trust,Joy,,,,
Palestinians share tear gas advice with #Ferguson protesters http://t.co/iYILs3KajM #Gaza #HandsUp #NMOS14 #MikeBrown http://t.co/csq6LKKWQc,Negative,Fear,Anger,Trust,,,,
BREAKING NEWS: U.S. halts transfer of missiles to #Israel,Neutral,Joy,Joy,Joy,,,,
The Response My Cousin Received From Woolworths To Her Post Of Them Supporting Israel @radioislam @Faizie143 @zaakiZ http://t.co/xVZIfeIGbB,Slightly Positive,Trust,Joy,Joy,,,,
@702JohnRobbie so tony ehrenreich is allowed to say racist things because of what's happening in Gaza. How are you still allowed on radio???,Slightly Negative,Joy,Joy,Joy,,,,
