!,0,surprise,,
! !,0,surprise,,
&HEARTS,2,joy,,
:],1,joy,,
:D,1,joy,,
:'D,1,joy,,
:-D,2,joy,,
:DD,2,joy,,
:DDD,2,joy,,
:-P,1,joy,,
;(,-1,sadness,,
;-),2,joy,,
;)),2,joy,,
;/,-1,sadness,,
;D,1,joy,,
;O,0,surprise,,
;P,1,anticipation,,
\M/,2,trust,,
\O/,1,trust,,
=(,-1,sadness,,
=),2,joy,,
=)),1,joy,,
=))),1,joy,,
=/,-1,sadness,,
=],1,joy,,
>_<,-1,anger,,
2ND AMENDMENT,-1,disgust,,
AAA,-1,anger,,
ABANDONS,-2,disgust,,
ABDUCTED,-2,fear,,
ABDUCTIONS,-2,fear,,
ABHORRED,-3,disgust,,
ABHORS,-3,disgust,,
ABRAZO,1,trust,,
ABSENTEES,-1,disgust,,
ABSOLUTE MADNESS,-4,anger,,
ABSOLVE,2,trust,,
ABSOLVED,2,trust,,
ABSOLVES,2,trust,,
ABSOLVING,2,trust,,
ABURRIDA,-1,anticipation,,
ABURRIDO,-2,anticipation,,
ABUSED,-3,disgust,,
ABUSES,-3,disgust,,
ABUSIVE,-3,disgust,,
ACCEPTED,1,trust,,
ACCEPTING,1,trust,,
ACCEPTS,1,trust,,
ACCIDENTS,-2,surprise,,
ACCOMPLISHES,2,trust,,
ACCUSATIONS,-2,fear,,
ACCUSE,-2,fear,,
ACCUSES,-2,fear,,
ACHIEVABLE,1,trust,,
ACQUIT,2,joy,,
ACQUITS,2,joy,,
ACQUITTED,2,joy,,
ACQUITTING,2,joy,,
ACRIMONIOUS,-3,anger,,
ADDICTED,-2,disgust,,
ADDING,2,trust,,
ADMIRED,3,trust,,
ADMIRES,3,trust,,
ADMIRING,3,trust,,
ADMITS,-1,fear,,
ADMONISH,-2,fear,,
ADMONISHED,-2,fear,,
ADOPTS,1,trust,,
ADORED,3,joy,,
ADOREI,3,joy,,
ADORES,3,joy,,
ADORO,2,joy,,
ADVANTAGES,2,anticipation,,
ADVENTURES,2,surprise,,
AFFECTED,-1,sadness,,
AFFECTIONATE,3,trust,,
AFFRONTED,-1,anger,,
HIDDEN AGENDA,1,disgust,,
AGGRAVATES,-2,fear,,
AGGRESSIONS,-2,fear,,
AGOG,2,trust,,
AGONISE,-3,fear,,
AGONISED,-3,fear,,
AGONISES,-3,fear,,
AGONISING,-3,fear,,
AGONIZE,-3,fear,,
AGONIZED,-3,fear,,
AGONIZES,-3,fear,,
AGREES,1,trust,,
AHA,2,joy,,
AHAA,2,joy,,
AHAH,2,joy,,
AHAHA,1,joy,,
AHAHAH,1,joy,,
AHAHAHA,1,joy,,
AHAHAHAHA,1,joy,,
AHAM,1,joy,,
AHH,1,joy,,
AHHA,1,joy,,
AHHH,1,joy,,
AHI,1,joy,,
AIGHT,2,trust,,
ALARMED,-2,surprise,,
ALARMIST,-2,anger,,
ALARMISTS,-2,anger,,
ALAS,-1,sadness,,
ALLERGIC,-2,fear,,
ALLERGIES,-2,fear,,
ALONE,-2,fear,,
AMAZED,2,surprise,,
AMAZES,2,surprise,,
AMIGO,1,trust,,
AMOOR,1,trust,,
AMOR,1,trust,,
AMORE,1,trust,,
AMORES,2,trust,,
ANGELS,1,trust,,
ANGERS,-3,anger,,
ANGUISHED,-3,anger,,
ANNOYED,-2,fear,,
ANNOYS,-2,fear,,
ANTI,-1,anger,,
ANYMORE,-1,anger,,
APESHIT,-3,anger,,
APOLOGISE,-1,sadness,,
APOLOGISED,-1,sadness,,
APOLOGISES,-1,sadness,,
APOLOGISING,-1,sadness,,
APOLOGIZED,-1,sadness,,
APOLOGIZES,-1,sadness,,
APOLOGIZING,-1,sadness,,
APPALLED,-2,fear,,
APPEASED,2,joy,,
APPEASES,2,joy,,
APPEASING,2,joy,,
APPLAUD,2,trust,,
APPLAUDED,2,trust,,
APPLAUDING,2,trust,,
APPLAUDS,2,trust,,
APPRECIATE,2,trust,,
APPRECIATED,2,trust,,
APPRECIATES,2,trust,,
APPRECIATING,2,trust,,
APPROVED,2,trust,,
APPROVES,2,trust,,
ARGH,-2,anger,,
ARRESTED,-3,disgust,,
ARRESTS,-2,sadness,,
ARSE,-1,disgust,,
ASHAME,-2,disgust,,
ASSASSINATIONS,-3,fear,,
ASSFUCKING,-4,anger,,
ASTONISHED,-1,surprise,,
ASTOUND,-1,surprise,,
ATTACKED,-1,fear,,
ATTRACT,1,trust,,
ATTRACTED,1,trust,,
ATTRACTING,2,trust,,
ATTRACTIONS,2,trust,,
ATTRACTIVE,2,trust,,
ATTRACTS,1,anticipation,,
AVERTED,-1,fear,,
AVERTS,-1,fear,,
AVOIDED,-1,fear,,
AVOIDS,-1,fear,,
AWAITED,-1,sadness,,
AWARDED,3,trust,,
AWARDS,3,trust,,
AWARE,1,trust,,
AWESOME,4,joy,,
AWESOMENESS,2,joy,,
AWKWARD,-2,disgust,,
AWSOME,2,joy,,
AXE,-1,anger,,
AXED,-1,anger,,
AYEE,3,joy,,
AYEEE,3,joy,,
BABE,1,joy,,
BABES,1,joy,,
BADASS,-3,fear,,
BAHAHA,2,joy,,
BAMBOOZLE,-2,anger,,
BAMBOOZLED,-2,anger,,
BAMBOOZLES,-2,anger,,
BANKSTER,-3,disgust,,
BANNED,-2,fear,,
BASTARDS,-5,disgust,,
BATAL,-1,disgust,,
BATMAN,1,trust,,
BATTLES,-1,fear,,
BEATEN,-2,disgust,,
BEAUTIES,3,joy,,
BEAUTIFULLY,3,joy,,
BEGINS,1,anticipation,,
BELITTLED,-2,disgust,,
BELOVED,3,trust,,
BENEFITS,2,anticipation,,
BENEFITTED,2,anticipation,,
BENEFITTING,2,anticipation,,
BEREAVE,-2,sadness,,
BEREAVES,-2,sadness,,
BEREAVING,-2,sadness,,
BEST,3,trust,,
BEST FRIEND,1,trust,,
BEST FRIENDS,1,trust,,
BESTEST,2,trust,,
BESTFRIEND,1,trust,,
BESTFRIENDS,1,trust,,
BESTIE,1,trust,,
BESTIES,2,trust,,
BETRAYED,-3,disgust,,
BETRAYING,-3,disgust,,
BETRAYS,-3,disgust,,
BIRTHDAYYY,4,joy,,
BITCHES,-5,anger,,
BITTER,-2,disgust,,
BLACK ARMBANDS,-2,sadness,,
BLAH,-2,anger,,
BLAMED,-2,fear,,
BLAMES,-2,fear,,
BLAMING,-2,fear,,
BLESSES,2,trust,,
BLOCKBUSTER,3,joy,,
BLOCKED,-1,anger,,
BLOCKING,-1,anger,,
BLOCKS,-1,anger,,
BLOWS,-1,fear,,
BLURRY,-2,fear,,
BOASTFUL,-2,anger,,
BONJOUR,4,joy,,
BORED,-2,disgust,,
BOTHERED,-2,disgust,,
BOTHERS,-2,disgust,,
BOTHERSOME,-2,disgust,,
BOYCOTTED,-2,fear,,
BOYCOTTING,-2,fear,,
BOYCOTTS,-2,fear,,
BRAINWASHING,-3,anger,,
BREAKTHROUGH,3,joy,,
BREATHTAKING,5,surprise,,
BRIGHT,1,joy,,
BRIGHTEST,2,joy,,
BRUTALLY,-2,fear,,
BULLIED,-2,fear,,
BULLS,2,anger,,
BULLSHIT,-4,anger,,
BULLYING,-2,fear,,
BUMMED,-2,disgust,,
BURDENED,-2,sadness,,
BURDENING,-2,sadness,,
BURDENS,-2,sadness,,
BURNED,-1,sadness,,
CABEZA,-1,anger,,
CAKES,2,joy,,
CALMED,2,trust,,
CALMING,2,trust,,
CALMS,2,trust,,
CANCELED,-1,anger,,
CANCELLED,-1,anger,,
CANCELLING,-1,anger,,
CANCELS,-1,anger,,
CANT STAND,-3,disgust,,
CARELESS,-2,anger,,
CARES,2,trust,,
CARING,2,trust,,
CASHING IN,-2,anger,,
CATASTROPHIC,-4,fear,,
CELEBRATE,3,joy,,
CELEBRATES,3,joy,,
CENSORED,-2,fear,,
CHAGRINED,-2,disgust,,
CHAMP,2,joy,,
CHAMPIONS,2,joy,,
CHAMPIONSHIP,2,joy,,
CHAMPS,3,joy,,
CHARGED,-3,fear,,
CHARGES,-2,fear,,
CHARMLESS,-3,disgust,,
CHASTISE,-3,anger,,
CHASTISED,-3,anger,,
CHASTISES,-3,anger,,
CHASTISING,-3,anger,,
CHEAP SHOT,-2,disgust,,
CHEATED,-3,disgust,,
CHEATER,-3,disgust,,
CHEATERS,-3,disgust,,
CHEATS,-3,disgust,,
CHEERLESS,-2,sadness,,
CHERISHED,2,joy,,
CHERISHES,2,joy,,
CHERISHING,2,joy,,
CHILLING,-1,fear,,
CHOKED,-2,anger,,
CHOKES,-2,anger,,
CHOKING,-2,anger,,
CHORAR,-2,anger,,
CIVIL UPRISING,-1,anger,,
CIVIL WAR,-1,anger,,
CLASSY,3,trust,,
CLEARLY,1,anticipation,,
CLUELESS,-2,surprise,,
COCKSUCKER,-5,disgust,,
COCKSUCKERS,-5,disgust,,
COCKY,-2,anger,,
COERCED,-2,fear,,
COLLAPSED,-2,sadness,,
COLLAPSES,-2,sadness,,
COLLAPSING,-2,sadness,,
COLLIDES,-1,sadness,,
COLLIDING,-1,sadness,,
COLLISIONS,-2,sadness,,
COLLUDING,-3,fear,,
COMBATS,-1,anger,,
COMFORTING,2,trust,,
COMFORTS,2,trust,,
COMMENDED,2,trust,,
COMMITMENT,2,trust,,
COMMITS,1,trust,,
COMMITTING,1,trust,,
COMPLAINED,-2,anger,,
COMPLAINING,-2,anger,,
COMPLAINS,-2,anger,,
CONCILIATE,2,anticipation,,
CONCILIATED,2,anticipation,,
CONCILIATES,2,anticipation,,
CONCILIATING,2,anticipation,,
CONDEMNS,-2,anger,,
CONFLICTIVE,-2,anger,,
CONFLICTS,-2,anger,,
CONFUSED,-2,fear,,
CONFUSING,-2,fear,,
CONGRATS,2,joy,,
CONGRATULATE,2,joy,,
CONGRATULATION,2,joy,,
CONGRATULATIONS,2,joy,,
CONGRATZ,2,joy,,
CONSENTS,2,trust,,
CONSIDER,2,trust,,
CONTAGIONS,-2,fear,,
CONTEMPTUOUSLY,-2,disgust,,
CONTEND,-1,anger,,
CONTENDER,-1,anger,,
CONTEST,-1,anger,,
CONTESTABLE,-2,anger,,
CONTROVERSIALLY,-2,fear,,
CONVIVIAL,2,joy,,
CONVO,2,joy,,
COOL STUFF,3,trust,,
COOLEST,3,trust,,
CORNERED,-2,fear,,
CORRECT,2,trust,,
COUGHING,-2,fear,,
COVER-UP,-3,fear,,
CRAMPS,-2,fear,,
CRAPPY,-1,anger,,
CRASHED,-1,fear,,
CRAZIER,-2,anger,,
CRAZIEST,-2,anger,,
CREATED,2,joy,,
CREATING,2,joy,,
CRESTFALLEN,-2,disgust,,
CRIED,-2,anger,,
CRIES,-2,anger,,
CRIMINALS,-3,anger,,
CRITICIZED,-2,anger,,
CRITICIZES,-2,anger,,
CRITICIZING,-2,anger,,
CRITICS,-2,anger,,
CRUSHES,-1,anger,,
CUNT,-5,anger,,
CURIOUS,1,surprise,,
CUTEST,2,joy,,
CUTIE,3,joy,,
CUTS,-1,anger,,
CYNICAL,-2,anger,,
CYNICISM,-2,anger,,
DAMMIT,-4,anger,,
DAMNIT,-4,anger,,
DARKEST,-2,fear,,
DAUNTLESS,2,trust,,
DAYY,2,joy,,
DAYYY,2,joy,,
DEAD,-3,sadness,,
DEARLY,3,trust,,
DECEIVES,-3,disgust,,
DEDICATED,2,trust,,
DEFECTS,-3,fear,,
DEFENDERS,2,trust,,
DEFINATELY,2,trust,,
DEFINITELY,2,trust,,
DEGRADED,-2,disgust,,
DEGRADES,-2,disgust,,
DEHUMANIZE,-2,disgust,,
DEHUMANIZED,-2,disgust,,
DEHUMANIZES,-2,disgust,,
DEHUMANIZING,-2,disgust,,
DEJECT,-2,sadness,,
DEJECTED,-2,sadness,,
DEJECTING,-2,sadness,,
DEJECTS,-2,sadness,,
DELETE,-1,anger,,
DELETED,-1,anger,,
DELIGHTING,3,joy,,
DELIGHTS,3,joy,,
DEMANDED,-1,anger,,
DEMANDS,-1,anger,,
DENGER,-1,fear,,
DENIER,-2,fear,,
DENIERS,-2,fear,,
DENIES,-2,fear,,
DENOUNCES,-2,anger,,
DERAILED,-2,sadness,,
DERAILS,-2,sadness,,
DERIDED,-2,disgust,,
DERIDES,-2,disgust,,
DERIDING,-2,disgust,,
DESERVES,2,trust,,
DESPAIRS,-3,sadness,,
DESPERATELY,-3,sadness,,
DESPONDENT,-3,sadness,,
DESTROY,-3,anger,,
DESTROYS,-3,anger,,
DETAINED,-2,fear,,
DEVASTATED,-3,anger,,
DICK,-4,anger,,
DICKHEAD,-4,anger,,
DICTATORS,-2,disgust,,
DIED,-3,sadness,,
DIFFIDENT,-2,none,,
DIPSHIT,-3,anger,,
DIREFUL,-3,disgust,,
DIRTIER,-2,disgust,,
DIRTIEST,-2,disgust,,
DISADVANTAGED,-2,fear,,
DISAPPEARED,-1,fear,,
DISAPPEARS,-1,fear,,
DISAPPOINTMENTS,-2,disgust,,
DISAPPOINTS,-2,disgust,,
DISCARD,-1,disgust,,
DISCARDING,-1,disgust,,
DISCONSOLATE,-2,sadness,,
DISCONSOLATION,-2,sadness,,
DISCONTENTED,-2,sadness,,
DISCREDITED,-2,anger,,
DISGUISES,-1,fear,,
DISGUISING,-1,disgust,,
DISGUSTED,-3,disgust,,
DISILLUSIONED,-2,anger,,
DISMAYED,-2,sadness,,
DISPARAGED,-2,disgust,,
DISPARAGES,-2,disgust,,
DISPUTED,-2,anger,,
DISPUTES,-2,anger,,
DISPUTING,-2,anger,,
DISQUIET,-2,fear,,
DISREGARDING,-2,anger,,
DISREGARDS,-2,anger,,
DISRESPECTED,-2,anger,,
DISRUPTIONS,-2,anger,,
DISRUPTIVE,-2,anger,,
DISTORTING,-2,anger,,
DISTORTS,-2,anger,,
DISTRACTS,-2,none,,
DISTRESSES,-2,anger,,
DISTRUSTFUL,-3,anger,,
DISTURB,-2,none,,
DISTURBING,-2,fear,,
DISTURBS,-2,none,,
DITHERING,-2,fear,,
DODGY,-2,fear,,
DOES NOT WORK,-3,fear,,
DOLOROUS,-2,sadness,,
DONT LIKE,-2,disgust,,
DOUBTED,-1,fear,,
DOUBTS,-1,fear,,
DOUCHEBAG,-3,anger,,
DOWNHEARTED,-2,sadness,,
DOWNSIDE,-2,fear,,
DRAGGED,-1,anger,,
DREADED,-2,fear,,
DREADING,-2,fear,,
DREAMS,1,joy,,
DROWNED,-2,fear,,
DROWNS,-2,fear,,
DRUNK,-2,disgust,,
DUD,-2,anger,,
DUMBASS,-3,anger,,
DUPED,-2,sadness,,
DYSFUNCTION,-2,anger,,
EFFECTIVELY,2,joy,,
EHEHE,2,joy,,
EMBARRASSED,-2,disgust,,
EMBARRASSES,-2,disgust,,
EMPATHETIC,2,anticipation,,
ENEMIES,-2,anger,,
ENJOYED,3,joy,,
ENJOYS,2,joy,,
ENLIGHTENED,2,surprise,,
ENLIGHTENS,2,surprise,,
ENNUI,-2,disgust,,
ENRAGE,-2,anger,,
ENRAGED,-2,anger,,
ENRAGES,-2,anger,,
ENRAGING,-2,anger,,
ENRAPTURE,3,surprise,,
ENSLAVES,-2,anger,,
ENSURING,1,trust,,
ENTHRAL,3,surprise,,
ENTHUSIASTIC,3,surprise,,
ENTITLED,1,anticipation,,
ENTRUSTED,2,trust,,
ENVIES,-1,disgust,,
ENVY,-1,disgust,,
ENVYING,-1,disgust,,
ERRORS,-2,none,,
ESCAPES,-1,none,,
EUPHORIA,4,joy,,
EUPHORIC,4,joy,,
EWWW,-1,disgust,,
EXAGGERATES,-2,anger,,
EXAGGERATING,-2,anger,,
EXASPERATED,2,surprise,,
EXCELENTE,3,joy,,
EXCLUSIVE,2,trust,,
EXHILARATED,3,surprise,,
EXHILARATES,3,surprise,,
EXHILARATING,3,surprise,,
EXONERATE,2,trust,,
EXONERATED,2,trust,,
EXONERATES,2,trust,,
EXONERATING,2,trust,,
EXPELLED,-2,fear,,
EXPELLING,-2,fear,,
EXPELS,-2,fear,,
EXPLOITED,-2,disgust,,
EXPLOITING,-2,disgust,,
EXPLORATION,-1,none,,
EXPLORATIONS,-1,none,,
EXPOSES,-1,disgust,,
EXPOSING,-1,disgust,,
EXTENDS,1,trust,,
EXUBERANT,4,joy,,
EXULTANT,3,joy,,
EXULTANTLY,3,joy,,
FAG,-3,anger,,
FAGGOT,-3,anger,,
FAGGOTS,-3,anger,,
FAIL,-2,fear,,
FAILED,-2,fear,,
FAILS,-2,fear,,
FAILURES,-2,fear,,
FAINTHEARTED,-2,fear,,
FAKES,-3,anger,,
FAKING,-3,anger,,
FALLEN,-2,sadness,,
FANS,1,joy,,
FANTASTIC,4,joy,,
FASCINATE,3,surprise,,
FASCINATED,3,surprise,,
FASCINATES,3,surprise,,
FASCIST,-2,anger,,
FASCIST FILTH,-4,anger,,
FASCISTS,-2,anger,,
FATALITIES,-3,anger,,
FATIGUES,-2,sadness,,
FATIGUING,-2,sadness,,
FAV,2,joy,,
FAVE,2,joy,,
FAVORED,2,joy,,
FAVORITED,2,joy,,
FAVORITES,2,joy,,
FAVORS,2,joy,,
FAVOURITE,2,joy,,
FAVS,2,joy,,
FEARSOME,-2,fear,,
FED UP,-3,anger,,
FELONIES,-3,anger,,
FEST,1,joy,,
FESTA,1,joy,,
FIDGETY,-2,fear,,
FINANCIAL CRISIS,-1,fear,,
FIRED,-2,anger,,
FLEES,-1,fear,,
FLOPS,-2,disgust,,
FOLBACK,4,anticipation,joy,
FOOLS,-2,anger,,
FORECLOSURE,-2,disgust,sadness,
FORECLOSURES,-2,disgust,sadness,
FRAUDS,-4,sadness,surprise,
FRAUDSTER,-4,sadness,surprise,
FRAUDSTERS,-4,sadness,surprise,
FRAUDULENCE,-4,sadness,surprise,
FRIGHTENING,-3,fear,,
FRIKIN,-2,fear,,
FRUSTRATES,-2,anger,,
FRUSTRATING,-2,anger,,
FUCK,-4,anger,,
FUCKED,-4,anger,,
FUCKER,-4,anger,,
FUCKERS,-4,anger,,
FUCKFACE,-4,anger,,
FUCKHEAD,-4,anger,,
FUCKIN,-4,anger,,
FUCKING,-4,anger,,
FUCKTARD,-4,anger,,
FUKED,-4,anger,,
FUKING,-4,anger,,
FULFILLED,2,trust,,
FULFILLS,2,trust,,
FUNERALS,-1,sadness,,
FUNN,2,joy,,
FUNNIER,4,joy,,
FUNNIEST,2,joy,,
FUNNY,4,joy,,
GAGGED,-2,disgust,,
GAH,-1,disgust,,
GALLANTLY,3,trust,,
GINI,-1,disgust,,
GLAMOROUS,3,trust,,
GLAMOUROUS,3,trust,,
GLORIOUS,2,joy,,
GODDAMN,-3,anger,,
GREAT,3,joy,,
GREAT CONCERN,-2,fear,,
GREEN WASH,-3,anger,,
GREEN WASHING,-3,anger,,
GREENWASH,-3,anger,,
GREENWASHER,-3,anger,,
GREENWASHERS,-3,anger,,
GREENWASHING,-3,anger,,
GREETED,1,joy,anticipation,
GREETINGS,2,joy,anticipation,
GRIEVED,-2,sadness,,
GRIPE,-2,sadness,,
GRR,-1,anger,,
GR,-1,anger,,
GULLIBILITY,-2,fear,,
GUTTED,-2,sadness,,
HACKED,-1,anger,,
HAH,1,joy,,
HAHA,3,joy,,
HAHAA,1,joy,,
HAHAAA,1,joy,,
HAHAH,1,joy,,
HAHAHA,3,joy,,
HAHAHAA,1,joy,,
HAHAHAH,3,joy,,
HAHAHAHA,1,joy,,
HAHAHAHAH,1,joy,,
HAHAHAHAHA,1,joy,,
HAHAHAHAHAHA,1,joy,,
HAHAHART,1,joy,,
HAHAHHA,1,joy,,
HAHART,1,joy,,
HAHHA,1,joy,,
HAHHAA,1,joy,,
HAHHAHA,1,joy,,
HAII,3,joy,,
HAI,2,joy,,
HALF MAST,-1,sadness,,
HALLO,3,joy,,
HALOO,3,joy,,
HALO,3,joy,,
HAMBRE,-1,anger,,
HANGOVER,-1,fear,,
HAPLESS,-2,sadness,,
HAPLESSNESS,-2,sadness,,
HAPPIER,2,joy,,
HAPPIEST,2,joy,,
HAPPY,3,joy,,
HARD,-1,fear,,
HARDER,-1,fear,,
HARDEST,-1,fear,,
HARDIER,2,trust,,
HARMED,-2,anger,,
HARMING,-2,anger,,
HARMS,-2,anger,,
HARSH,-2,anger,,
HARSHER,-2,anger,,
HARSHEST,-2,anger,,
HATED,-3,anger,,
HATERS,-3,anger,,
HATES,-3,anger,,
HAUNTING,-1,fear,,
HAUNTS,-1,fear,,
HBD,4,joy,,
HEARTBREAKING,-3,sadness,,
HEARTBROKEN,-3,sadness,,
HEAVEN,2,joy,,
HEAVYHEARTED,-2,sadness,,
HEH,1,joy,,
HEHE,2,joy,,
HEHEE,2,joy,,
HEHEH,2,joy,,
HEHEHE,2,joy,,
HEHEHEH,2,joy,,
HEHEHEHE,2,joy,,
HEHERT,1,joy,,
HEHHE,2,joy,,
HELLO,3,joy,,
HELLOO,3,joy,,
HELLOOO,2,joy,,
HELP,2,trust,,
HELPED,2,trust,,
HELPING,2,trust,,
HELPS,2,trust,,
HESITANT,-2,fear,,
HESITATE,-2,fear,,
HHEHE,2,joy,,
HIDES,-1,fear,,
HIHI,2,joy,,
HIHIHI,2,joy,,
HONORED,2,joy,trust,
HONORING,2,joy,trust,
HONOUR,2,joy,trust,
HONOURED,2,joy,trust,
HONOURING,2,joy,trust,
HOOLIGAN,-2,anger,,
HOOLIGANISM,-2,anger,,
HOOLIGANS,-2,anger,,
HOPEFULLY,2,anticipation,,
HORRENDOUS,-3,fear,,
HUCKSTER,-2,anger,,
HUGS,2,joy,trust,
HUMILIATED,-3,disgust,,
HUMOR,2,joy,,
HUMOUR,2,joy,,
HUMOUROUS,2,joy,,
HURTS,-2,fear,,
HYSTERICS,-3,anger,,
IGNORED,-2,sadness,surprise,
IGNORES,-1,sadness,surprise,
ILLITERACY,-2,fear,,
ILLNESSES,-2,fear,,
ILOVE,3,joy,trust,
ILOVEYOU,2,joy,trust,
ILY,2,joy,trust,
IMBECILE,-3,anger,,
IMMOBILIZED,-1,fear,,
IMPERFECT,-2,sadness,,
IMPOSED,-1,fear,,
IMPOSES,-1,fear,,
IMPRESSED,3,surprise,,
IMPRESSES,3,surprise,,
IMPRESSIVE,3,surprise,,
IMPROVES,2,joy,,
INCAPACITATED,-2,sadness,,
INCENSED,-2,anger,,
INCONVENIENCE,-2,none,,
INCREDIBLE,2,joy,surprise,
INCREDIBLY,1,joy,surprise,
INCREIBLE,2,joy,surprise,
INDIFFERENT,-2,disgust,,
INDOCTRINATE,-2,fear,,
INDOCTRINATED,-2,fear,,
INDOCTRINATES,-2,fear,,
INDOCTRINATING,-2,fear,,
INEFFECTIVELY,-2,none,,
INFECTED,-2,disgust,,
INFLAMED,-2,anger,,
INFURIATE,-2,anger,,
INFURIATED,-2,anger,,
INFURIATES,-2,anger,,
INFURIATING,-2,anger,,
INNOVATES,1,joy,surprise,
INNOVATIVE,2,joy,surprise,
INQUISITION,-2,fear,,
INSENSITIVE,-2,anger,,
INSENSITIVITY,-2,anger,,
INSPIRATIONAL,2,trust,,
INSPIRES,2,trust,,
INSPIRING,3,trust,,
INSULTED,-2,disgust,,
INSULTS,-2,disgust,,
INTERROGATED,-2,none,,
INTERRUPTING,-2,anger,,
INTERRUPTS,-2,anger,,
INTIMIDATED,-2,anger,,
INTIMIDATES,-2,anger,,
INTIMIDATING,-2,anger,,
INTRIGUES,1,joy,anticipation,
INVULNERABLE,2,trust,,
IRRESOLUTE,-2,fear,,
IRRITATE,-3,fear,,
IRRITATED,-3,fear,,
ITCHY,-2,fear,,
JACKASSES,-4,anger,,
JAILED,-2,disgust,,
JAUNTY,2,joy,,
JERK REACTION,-1,anger,,
JOCULAR,2,joy,,
JOKES,2,joy,,
JOLLY,2,joy,,
JOYFULLY,3,joy,,
JOYLESS,-2,sadness,,
JUMPY,-1,fear,,
JUSTIFIABLY,2,trust,,
JUSTIFIED,2,trust,,
KILLED,-3,fear,disgust,
KILLER,-3,fear,disgust,
KILLS,-3,fear,disgust,
KISSES,2,joy,trust,
LACKADAISICAL,-2,disgust,,
LAGGED,-2,anger,,
LAGS,-2,anger,,
LAME,-2,disgust,,
LATE STRIKES,-1,anger,,
LIARS,-3,disgust,,
LIED,-2,disgust,,
LIES,-1,disgust,,
LIFESAVER,4,joy,trust,
LIGHTHEARTED,1,joy,,
LIKED,2,joy,,
LIMITS,-1,sadness,,
LISTENED,2,joy,,
LIVE AMMUNITION,-1,fear,,
LIVELY,2,joy,,
LIVES,1,none,,
LMAO,4,joy,,
LMAOO,1,joy,,
LMAOOO,1,joy,,
LMBO,2,joy,,
LMFAO,4,joy,,
LMFAOO,1,joy,,
LOATHED,-3,sadness,disgust,
LOATHES,-3,sadness,disgust,
LOBBYING,-2,anger,,
LOLA,1,joy,,
LOLL,1,joy,,
LOLLL,1,joy,,
LOLOL,1,joy,,
LOLS,2,joy,,
LOLZ,1,joy,,
LONGLAST,4,trust,,
LOOL,2,joy,,
LOOMED,-1,sadness,,
LOOSES,-3,sadness,,
LOSER,-3,disgust,,
LOVED,3,joy,trust,
LOVEE,3,joy,trust,
LOVEEE,3,joy,trust,
LOVELIES,3,joy,trust,
LOVERS,2,joy,trust,
LOVES,2,joy,trust,
LOVIN,3,joy,trust,
LUCKILY,3,joy,surprise,
LUGUBRIOUS,-2,sadness,,
LUNATICS,-3,anger,,
LUV,2,joy,trust,
MA'AM,2,trust,,
MADDENING,-3,anger,,
MADE-UP,-1,anger,,
MADLY,-3,anger,,
MAKESHIFT MORGUE,-1,sadness,,
MAL,-1,sadness,,
MANDATORY,-1,anger,disgust,
MANIPULATED,-1,fear,trust,
MANIPULATING,-1,fear,trust,
MARTIAL LAW,-1,fear,,
MARVELS,3,joy,surprise,
MASTERPIECES,4,joy,,
MENACED,-2,anger,,
MESSED,-2,sadness,,
MESSING UP,-2,sadness,,
MINDLESS,-2,anger,,
MISBEHAVED,-2,anger,,
MISBEHAVES,-2,anger,,
MISBEHAVING,-2,anger,,
MISGIVING,-2,sadness,,
MISINFORMATION,-2,anger,,
MISINTERPRETED,-2,sadness,surprise,
MISREAD,-1,sadness,surprise,
MISREPORTING,-2,sadness,surprise,
MISTAKES,-2,sadness,surprise,
MISTAKING,-2,sadness,surprise,
MISUNDERSTANDS,-2,sadness,surprise,
MISUNDERSTOOD,-2,sadness,surprise,
MOANED,-2,sadness,,
MOANING,-2,sadness,,
MOANS,-2,sadness,,
MOCK,-2,anger,,
MOCKED,-2,anger,,
MOCKS,-2,anger,,
MONGERING,-2,anger,trust,
MONOPOLIZE,-2,anger,trust,
MONOPOLIZES,-2,anger,trust,
MONOPOLIZING,-2,anger,trust,
MOPE,-1,disgust,,
MOPING,-1,disgust,,
MOTHERFUCKER,-5,anger,,
MOTHERFUCKING,-5,anger,,
MOTIVATE,1,anticipation,joy,
MOTIVATED,2,anticipation,joy,
MOTIVATING,2,anticipation,joy,
MOTIVATION,1,anticipation,joy,
MOURNED,-2,sadness,,
MOURNS,-2,sadness,,
NEGATIVITY,-2,sadness,,
NEGLECTS,-2,sadness,,
NERVOUSLY,-2,sadness,disgust,
NICE,3,joy,trust,
NICEE,3,joy,trust,
NICELY,2,joy,trust,
NICER,1,joy,trust,
NICEST,2,joy,trust,
NIGGA,-1,anger,disgust,
NIGGAS,-5,anger,disgust,
NOSEY,-2,disgust,,
NOT WORKING,-3,sadness,,
NOTORIOUS,-2,anger,anticipation,
OBSOLETE,-2,sadness,surprise,
OBSTACLES,-2,sadness,surprise,
ODD,-2,anger,,
OFFENDING,-2,anger,,
OFFENDS,-2,anger,,
OMFG,0,surprise,,
OMG,0,surprise,,
OMGG,0,surprise,,
ONCE-IN-A-LIFETIME,3,trust,joy,
OPEN LETTER,-1,fear,,
OPPRESSED,-2,fear,,
OPTIONLESS,-2,fear,,
OUTMANEUVERED,-2,anger,anticipation,
OUTRAGED,-3,anger,,
OUTREACH,2,surprise,,
OVERLOOKED,-1,anger,anticipation,
OVERREACT,-2,anger,,
OVERREACTED,-2,anger,,
OVERREACTION,-2,anger,,
OVERREACTS,-2,anger,,
OVERSELLING,-2,sadness,surprise,
OVERSELLS,-2,sadness,surprise,
OVERSIMPLIFICATION,-2,sadness,surprise,
OVERSIMPLIFIED,-2,sadness,surprise,
OVERSIMPLIFIES,-2,sadness,surprise,
OVERSIMPLIFY,-2,sadness,surprise,
OVERSTATEMENT,-2,sadness,surprise,
OVERSTATEMENTS,-2,sadness,surprise,
OVERWEIGHT,-1,sadness,surprise,
PANICKED,-3,fear,,
PANICS,-3,fear,,
PARADISE,3,joy,trust,
PARDONED,2,trust,,
PARDONING,2,trust,,
PARDONS,2,trust,,
PARLEY,-1,disgust,,
PARTYING,1,joy,,
PASSIVELY,-1,fear,,
PEACEFULLY,2,trust,,
PERDON,-1,trust,disgust,
PERFECTED,2,trust,,
PERFECTO,2,trust,,
PERFECTS,2,trust,,
PERPETRATORS,-2,anger,anticipation,
PERSECUTED,-2,anger,,
PERSECUTES,-2,anger,,
PERSECUTING,-2,anger,,
PERTURBED,-2,sadness,,
PESKY,-2,anger,,
PESSIMISTIC,-2,sadness,,
PHOBIC,-2,fear,,
PILEUP,-1,anger,fear,
PIQUED,-2,sadness,surprise,
PISS,-4,anger,,
PISSED,-4,anger,,
PISSING,-3,anger,,
PITEOUS,-2,sadness,,
PITIED,-1,sadness,,
PLEASURE,3,joy,,
PLEZIER,3,joy,,
POISED,1,trust,,
POISONS,-2,fear,,
POOR,-2,sadness,,
POORER,-2,sadness,,
POOREST,-2,sadness,,
POSITIVE,2,trust,,
POSITIVELY,2,trust,,
POSSESSIVE,-2,fear,,
POSTPONES,-1,fear,,
POSTPONING,-1,fear,,
PRAISES,3,trust,,
PRAISING,3,trust,,
PRAYERS,1,sadness,,
PRAYING,1,sadness,,
PRAYS,1,sadness,,
PRBLM,-2,fear,,
PRBLMS,-2,fear,,
PRESSURED,-2,fear,trust,
PRETENDS,-1,fear,,
PREVENTED,-1,anticipation,,
PREVENTING,-1,anticipation,,
PREVENTS,-1,anticipation,,
PRISONERS,-2,fear,trust,
PRIZE,2,joy,,
PROACTIVE,2,anticipation,,
PROBLEMS,-2,fear,,
PROBS,-1,fear,,
PROFITEER,-2,anticipation,anger,
PROMINENT,2,trust,,
PROMISED,1,trust,,
PROMISES,1,trust,,
PROMOTED,1,trust,,
PROMOTES,1,trust,,
PROMOTING,1,trust,,
PROSECUTED,-2,anticipation,anger,
PROSECUTES,-1,anticipation,anger,
PROTESTERS,-2,anger,,
PROTESTING,-2,anger,,
PROTESTS,-2,anger,,
PROUDLY,2,trust,,
PROVOKE,-1,anger,,
PROVOKED,-1,anger,,
PROVOKES,-1,anger,,
PSEUDOSCIENCE,-3,sadness,surprise,
PUNISHES,-2,fear,,
PUSHY,-1,anticipation,,
PUSING,-1,anticipation,,
QUAKING,-2,fear,,
QUESTIONED,-1,fear,,
RIP,-2,sadness,,
RACISM,-3,anger,,
RACIST,-3,anger,,
RACISTS,-3,anger,,
RAGEFUL,-2,anger,,
RANTER,-3,anger,,
RANTERS,-3,anger,,
RANTS,-3,anger,,
RAPIST,-4,fear,anger,
RAPTURED,2,trust,,
RAPTURES,2,trust,,
RAPTUROUS,4,trust,,
RARE,1,surprise,,
RATIFIED,2,trust,,
REASSURES,1,trust,,
RECOMMENDED,2,trust,,
RECOMMENDS,2,trust,,
RED LINE,-2,fear,,
RED LINES,-2,fear,,
REGRETFUL,-2,fear,,
REGRETS,-2,fear,,
REJOICED,4,joy,,
REJOICES,4,joy,,
RELAX,2,trust,,
RELAXING,2,trust,,
RELENTLESS,-1,anticipation,,
RELIEVE,1,joy,,
RELIEVED,2,joy,,
RELIEVES,1,joy,,
RELISHING,2,joy,,
REPRESSIONS,-3,fear,,
REPULSE,-1,anger,,
REPULSED,-2,anger,,
RESCUED,2,joy,anticipation,
RESCUES,2,joy,anticipation,
RESIGNING,-1,sadness,,
RESIGNS,-1,sadness,,
RESOLVES,2,trust,,
RESOLVING,2,trust,,
RESTLESS,-2,fear,,
RESTRICTING,-2,anger,disgust,
RESTRICTS,-2,anger,disgust,
RETARDED,-2,anger,,
RETREAT,-1,fear,,
REVENGEFUL,-2,anger,,
REVIVES,2,joy,anticipation,
REWARDED,2,joy,anticipation,
REWARDING,2,joy,anticipation,
REWARDS,2,joy,anticipation,
RHETORICALLY,-1,anger,,
RIGGED,-1,sadness,surprise,
RIGHT DIRECTION,3,trust,,
RIGOROUSLY,2,trust,,
RIOTS,-2,fear,sadness,
RIP,-1,sadness,,
RISKS,-2,fear,,
ROBED,-2,fear,anticipation,
ROBING,-2,fear,anticipation,
ROBS,-2,fear,anticipation,
ROCKED,2,joy,,
ROCKIN,3,joy,,
ROCKING,2,joy,,
ROFL,4,joy,,
ROFLCOPTER,4,joy,,
ROFLMAO,4,joy,,
ROTFL,4,joy,,
ROTFLMFAO,4,joy,,
ROTFLOL,4,joy,,
RUINING,-2,fear,,
RUSSIAN GAS,-1,fear,,
SAD,-2,sadness,,
SADDEN,-2,sadness,,
SADDENED,-2,sadness,,
SAFELY,1,trust,,
SALAM,3,trust,,
SALAMAT,3,trust,,
SALUDOS,3,trust,,
SALUT,3,trust,,
SARCASTIC,-2,anger,,
SAVED,2,trust,,
SCAM,-2,sadness,surprise,
SCAMS,-2,sadness,surprise,
SCANDALS,-3,sadness,surprise,
SCAPEGOATS,-2,fear,,
SCARED,-2,fear,,
SCARY,-2,fear,,
SCORNFUL,-2,anger,,
SCREAMED,-2,fear,,
SCREAMS,-2,fear,,
SCREWED UP,-3,anger,,
SCUMBAG,-4,anger,,
SECTION,1,trust,,
SECURE,2,trust,,
SECURED,2,trust,,
SECURES,2,trust,,
SEDITIOUS,-2,anger,,
SEDUCED,-1,fear,,
SELAMAT,3,trust,,
SELF-CONFIDENT,2,trust,,
SENTENCED,-2,anger,,
SENTENCES,-2,anger,,
SENTI,-1,sadness,,
SEVERE,-2,fear,,
SHAKY TRUCE,-1,fear,,
SHITHEAD,-4,anger,,
SHITTY,-3,anger,,
SHOCKED,-2,surprise,sadness,
SHOCKING,-2,surprise,sadness,
SHOCKS,-2,surprise,sadness,
SHORTAGES,-2,fear,,
SHORT-SIGHTED,-2,surprise,sadness,
SHORT-SIGHTEDNESS,-2,surprise,sadness,
SHOTS,-2,fear,,
SHREW,-4,fear,,
SILENCING,-1,fear,,
SINCERELY,2,trust,,
SINCEREST,2,trust,,
SINGLEMINDED,-2,anger,,
SKEPTICS,-2,fear,,
SLASHED,-2,anger,,
SLASHING,-2,anger,,
SLICKER,-2,anger,,
SLICKEST,-2,anger,,
SMILED,2,joy,,
SMILES,2,joy,,
SMILEY,2,joy,,
SMOOTH,2,trust,,
SNEAKY,-1,anger,,
SNUB,-2,anger,disgust,
SNUBBED,-2,anger,disgust,
SNUBBING,-2,anger,disgust,
SNUBS,-2,anger,disgust,
SON-OF-A-BITCH,-5,anger,,
SORRY,-1,sadness,,
SPAM,-2,anger,,
SPAMMER,-3,anger,,
SPAMMERS,-3,anger,,
SPAMMING,-2,anger,,
SPARKLES,3,joy,,
SPARKLING,3,joy,,
SPIRITED,2,joy,,
SPIRITLESS,-2,sadness,,
SPOILED,-1,sadness,,
STABBED,-2,sadness,fear,
STABS,-2,sadness,fear,
STALLED,-2,anticipation,,
STALLING,-2,anticipation,,
STAMPEDE,-2,anger,,
STARTLED,-2,fear,,
STARVE,-2,fear,sadness,
STARVES,-2,fear,sadness,
STIMULATE,1,joy,,
STIMULATED,1,joy,,
STIMULATES,1,joy,,
STIMULATING,2,joy,,
STOPPED,-1,sadness,surprise,
STOPS,-1,sadness,surprise,
STRANGE,-1,surprise,,
STRANGE CLANKING,-1,surprise,,
STRANGELY,-1,surprise,,
STRANGLED,-2,sadness,,
STRENGTHENED,2,trust,,
STRENGTHENS,2,trust,,
STRESSED,-2,fear,,
STRESSFUL,-2,fear,,
STRESSOR,-2,fear,,
STRESSORS,-2,fear,,
STRIKERS,-2,anger,,
STRIKES,-1,anger,,
STRONG,2,trust,,
STRONGER,2,trust,,
STRONGEST,2,trust,,
STRUGGLED,-2,fear,,
STRUGGLES,-2,fear,,
STRUGGLING,-2,fear,,
STUBBORN,-2,anger,,
STUNNING,4,surprise,,
STUPIDLY,-2,anger,,
SUCCES,2,joy,,
SUCKED,-1,sadness,,
SUCKS,-3,sadness,,
SUFFERS,-2,sadness,,
SUING,-2,sadness,,
SULKING,-2,anger,anticipation,
SULKY,-2,anger,anticipation,
SUPER,3,joy,,
SUPPORT,2,trust,,
SUPPORTIVE,2,trust,,
SUPPORTS,2,trust,,
SURVIVED,2,surprise,,
SURVIVOR,2,surprise,,
SUSPECTING,-1,fear,,
SUSPECTS,-1,fear,,
SWEARS,-2,anger,,
SWEEET,2,joy,,
SWEETEST,3,joy,,
SWEETY,2,joy,,
SWINDLE,-3,sadness,surprise,
SWINDLES,-3,sadness,surprise,
SWINDLING,-3,sadness,surprise,
TEARS,-2,anger,,
TENSE STANDOFF,-2,fear,,
TENSO,-1,fear,,
TERRIFIED,-3,fear,,
TERRORIZED,-3,fear,,
TERRORIZES,-3,fear,,
THANK,2,joy,anticipation,
THANKFULLY,1,joy,anticipation,
THANKS,2,joy,anticipation,
THANKSS,4,joy,anticipation,
THANKSSS,3,joy,anticipation,
THANKYOU,3,joy,anticipation,
THANKYOUU,4,joy,anticipation,
THANX,3,joy,anticipation,
THREATENS,-2,anger,anticipation,
THREATS,-2,anger,anticipation,
THRILLED,5,joy,,
THWARTED,-2,anticipation,,
THWARTING,-2,anticipation,,
THWARTS,-2,anticipation,,
THX,3,joy,anticipation,
TIMOROUS,-2,fear,,
TORTURED,-4,anticipation,anger,
TORTURES,-4,anticipation,anger,
TORTURING,-4,anticipation,anger,
TOTALITARIAN,-2,fear,anger,
TOTALITARIANISM,-2,fear,anger,
TOUTED,-2,anticipation,anger,
TOUTING,-2,anticipation,anger,
TOUTS,-2,anticipation,anger,
TRAPPED,-2,fear,sadness,
TRAUMA,-3,fear,sadness,
TREASONOUS,-3,sadness,surprise,
TREASURES,2,joy,,
TREMULOUS,-2,fear,,
TRICKED,-2,anger,surprise,
TROUBLE,-2,fear,,
TROUBLED,-2,fear,,
TROUBLES,-2,fear,,
TRUE SCALE,-1,sadness,surprise,
TRULY,2,trust,,
TRUSTED,2,trust,,
TWAT,-5,anger,,
UGH,-2,anger,,
UGHH,-1,anger,,
UKRAINIAN OPPOSITION,-1,anger,,
UNAPPRECIATED,-2,sadness,surprise,
UNBELIEVING,-1,sadness,surprise,
UNCLEAR,-1,sadness,surprise,
UNCREDITED,-1,sadness,surprise,
UNDERESTIMATED,-1,sadness,surprise,
UNDERESTIMATES,-1,sadness,surprise,
UNDERESTIMATING,-1,sadness,surprise,
UNDERMINE,-2,sadness,surprise,
UNDERMINES,-2,sadness,surprise,
UNDERMINING,-2,sadness,surprise,
UNDESERVING,-2,sadness,,
UNEMPLOYMENT,-2,sadness,,
UNEQUALED,2,trust,,
UNETHICAL,-2,sadness,surprise,
UNFOCUSED,-2,sadness,,
UNFORTUNATELY,-1,sadness,,
UNINTELLIGENT,-2,anger,,
UNLOVABLE,-2,anger,,
UNLOVED,-2,anger,,
UNMOTIVATED,-2,sadness,,
UNPROFESSIONAL,-2,anger,,
UNRESEARCHED,-2,surprise,,
UNSECURED,-2,fear,,
UNSTOPPABLE,2,trust,,
UNSURE,-1,fear,,
UNTARNISHED,2,trust,,
UNWANTED,-2,anger,,
UPSETS,-2,sadness,,
UPSETTING,-2,sadness,,
UPTIGHT,-2,anger,,
URGH,-2,anger,,
USELESSNESS,-2,anger,,
VALIDATE,1,trust,,
VALIDATED,1,trust,,
VALIDATES,1,trust,,
VALIDATING,1,trust,,
VERDICTS,-1,surprise,sadness,
VEXATION,-2,anger,,
VEXING,-2,anger,,
VIBES,3,joy,,
VIBRANT,3,joy,,
VICTIMIZE,-3,sadness,,
VICTIMIZES,-3,sadness,,
VICTIMIZING,-3,sadness,,
VICTIMS,-3,sadness,,
VIOLATED,-2,fear,,
VIOLATES,-2,fear,,
VIOLATING,-2,fear,,
VIRULENT,-2,disgust,,
VITRIOLIC,-3,disgust,,
VOLGENDE,2,trust,,
VOTED,2,trust,,
WALKOUT,-2,anger,anticipation,
WALKOUTS,-2,anger,anticipation,
WANKER,-3,anger,,
WAR CHESSBOARD,-1,disgust,,
WARNS,-2,fear,,
WARZONE,-1,sadness,,
WEAK,-2,fear,,
WELCOME,2,trust,,
WELCOMES,2,trust,,
WHITEWASH,-3,anticipation,,
WIDOWED,-1,sadness,,
WILLING,2,trust,,
WIN,4,joy,,
WINS,4,joy,,
WINWIN,3,joy,,
WISHED,0,joy,anticipation,
WOOHOO,3,joy,,
WOO,4,joy,,
WOOP,3,joy,,
WOOW,4,surprise,joy,
WORSEN,-3,fear,anticipation,
WORSENED,-3,fear,anticipation,
WORSENS,-3,fear,anticipation,
WORST,-3,fear,anticipation,
WOW,4,surprise,,
WOWOW,4,surprise,,
WOWW,4,surprise,,
WRATHFUL,-3,anger,fear,
WRONGED,-2,anger,,
WTF,-4,anger,,
XDD,1,joy,,
XDDD,1,joy,,
XOX,1,joy,trust,
XOXO,2,joy,trust,
YOO,1,joy,,
YUCK,-1,disgust,,
YUCKY,-2,disgust,,
YUM,3,joy,,
YUMM,3,joy,,
YUMMY,3,joy,,
ZOMBIE,-1,sadness,fear,
ZOMBIES,-1,sadness,fear,
pussy,-2,anger,disgust,
quaker,-3,disgust,,
gutted,-2,sadness,,
out of control,-3,anger,,
rhetoric,-1,anger,,
Red Line,-2,anger,,
screwed,-2,anger,,
turmoil,-3,sadness,anger,
rhetorically,-1,anger,,
repressions,-3,trust,fear,
devastation,-3,sadness,anger,
devastate,-3,sadness,anger,
devastated,-3,sadness,anger,
repression,-3,trust,fear,
repress,-3,trust,fear,
freeze,-1,fear,sadness,
consolation,-1,sadness,,
console,-1,sadness,,
before and after,-1,sadness,,
cheap shot,-2,disgust,anger,
Dictators,-2,anger,sadness,
Dictator,-2,anger,sadness,
protest,-1,anger,,
Occupy,-1,anger,sadness,
Occupied,-1,anger,sadness,
perished,-1,sadness,,
perish,-1,sadness,,
half mast,-1,sadness,anticipation,
right now,0,none,,
BATTLE,-2,anger,fear,
cheap shot,-2,anger,,
best friends,0,none,,
best friend,0,none,,
. .,0,none,,
! !,0,surprise,,
? ?,0,none,,
2nd amendment,-1,sadness,,
absolute madness,-4,anger,,
berserk,-3,anger,,
black armbands,-2,sadness,fear,
deadlock,-2,sadness,anticipation,
carnage,-2,anger,fear,
collapse,-2,sadness,,
bloody,-1,sadness,fear,
brittle,-1,sadness,fear,
brutal,-2,anger,fear,sadness
brutally,-2,anger,fear,sadness
unrest,-2,fear,,
war chessboard,-1,anticipation,,
civil uprising,-1,anger,fear,
civil war,-1,anger,fear,
shaky truce,-1,fear,anticipation,
tense standoff,-2,fear,,
true scale,-1,fear,,
late strikes,-1,fear,anger,
live ammunition,-1,fear,sadness,
financial crisis,-1,sadness,fear,
ukrainian opposition,-1,anger,,
makeshift morgue,-1,sadness,,
fascist filth,-4,anger,,
strange clanking,0,surprise,,
red lines,-2,fear,sadness,
great concern,-2,sadness,fear,
martial law,-1,sadness,,
open letter,-1,sadness,,
warzone,-1,sadness,fear,
gaping windows,-1,sadness,,
jerk reaction,-1,anticipation,,
russian gas,-1,sadness,fear,
uprising,-1,anger,,
standoff,-1,fear,,
concern,-1,fear,sadness,
